;;;;;;;;;;;X
;;;;;;;;;;;X
;;;;;;;;;;;X
;;;;;;;;;;;X
;;;;;;;;;;;X
NAME_INFANTRY;标准师 ;;;;;;;;;;X
NAME_CAVALRY;机动师（骑兵） ;;;;;;;;;;X
NAME_MOTORIZED;常备师 ;;;;;;;;;;X
NAME_MECHANIZED;王牌机动师 ;;;;;;;;;;X
NAME_LIGHT_ARMOR;王牌装甲师 ;;;;;;;;;;X
NAME_ARMOR;装甲师 ;;;;;;;;;;X
NAME_PARATROOPER;空降兵 ;;;;;;;;;;X
NAME_MARINE;海军陆战队 ;;;;;;;;;;X
NAME_BERGSJAEGER;山地师 ;;;;;;;;;;X
NAME_MILITIA;动员师 ;;;;;;;;;;X
NAME_GARRISON;要塞守备师 ;;;;;;;;;;X
NAME_HQ;指挥部 ;;;;;;;;;;X
NAME_FIGHTER;战斗机 ;;;;;;;;;;X
NAME_INTERCEPTOR;截击机 ;;;;;;;;;;X
NAME_MULTI_ROLE;歼击机 ;;;;;;;;;;X
NAME_ESCORT;护航战斗机 ;;;;;;;;;;X
NAME_STRATEGIC_BOMBER;战略轰炸机 ;;;;;;;;;;X
NAME_TACTICAL_BOMBER;战术轰炸机 ;;;;;;;;;;X
NAME_NAVAL_BOMBER;海军轰炸机 ;;;;;;;;;;X
NAME_TRANSPORT_PLANE;运输机 ;;;;;;;;;;X
NAME_BATTLESHIP;战列舰 ;;;;;;;;;;X
NAME_LIGHT_CRUISER;轻巡洋舰 ;;;;;;;;;;X
NAME_HEAVY_CRUISER;重巡洋舰 ;;;;;;;;;;X
NAME_BATTLECRUISER;战列巡洋舰 ;;;;;;;;;;X
NAME_DESTROYER;驱逐舰 ;;;;;;;;;;X
NAME_CARRIER;航空母舰 ;;;;;;;;;;X
NAME_SUBMARINE;潜艇 ;;;;;;;;;;X
NAME_TRANSPORT;运输舰 ;;;;;;;;;;X
NAME_FLYING_BOMB;混成旅;;;;;;;;;;X
NAME_FLYING_ROCKET;近岸舰艇编队;;;;;;;;;;X
NAME_BALLISTIC_MISSILE;弹道导弹 ;;;;;;;;;;X
NAME_ICBM;洲际导弹 ;;;;;;;;;;X
NAME_ARTILLERY;炮兵I;;;;;;;;;;X
NAME_SP_ARTILLERY;自行火炮I;;;;;;;;;;X
NAME_ROCKET_ARTILLERY;火箭炮I;;;;;;;;;;X
NAME_SP_ROCKET_ARTILLERY;自行火箭炮I;;;;;;;;;;X
NAME_TANK_DESTROYER;坦克歼击车I;;;;;;;;;;X
NAME_HEAVY_ARMOR;pCI;;;;;;;;;;X
NAME_SUPER_HEAVY_ARMOR;重CI;;;;;;;;;;X
NAME_ARMORED_CAR;装甲车I;;;;;;;;;;X
NAME_LIGHT_ARMOR;王牌装甲师 ;;;;;;;;;;X
NAME_POLICE;宪兵I;;;;;;;;;;X
NAME_ANTITANK;反坦克I;;;;;;;;;;X
NAME_ANTIAIR;防空I;;;;;;;;;;X
NAME_ENGINEER;工兵I;;;;;;;;;;X
NAME_CAS;俯冲轰炸机 ;;;;;;;;;;X
NAME_CAG;舰载机中队 ;;;;;;;;;;X
NAME_ESCORT_CARRIER;轻型航空母舰 ;;;;;;;;;;X
NAME_NUCLEAR_SUBMARINE;机动快艇编队;;;;;;;;;;X
;;;;;;;;;;;X
NAME_NAVAL_ASW;舰载反潜系统 ;;;;;;;;;;X
NAME_NAVAL_ANTI_AIR_S;辅助舰防空系统 ;;;;;;;;;;X
NAME_NAVAL_RADAR_S;辅助舰雷达系统 ;;;;;;;;;;X
NAME_NAVAL_FIRE_CONTROLL_S;辅助舰火控系统 ;;;;;;;;;;X
NAME_NAVAL_IMPROVED_HULL_S;辅助舰改良船体 ;;;;;;;;;;X
NAME_NAVAL_TORPEDOES_S;电动鱼雷装置 ;;;;;;;;;;X
NAME_NAVAL_ANTI_AIR_L;主力舰防空系统 ;;;;;;;;;;X
NAME_NAVAL_sa_L;主力舰辅助火力 ;;;;;;;;;;X
NAME_NAVAL_RADAR_L;主力舰雷达系统 ;;;;;;;;;;X
NAME_NAVAL_FIRE_CONTROLL_L;主力舰火控系统 ;;;;;;;;;;X
NAME_NAVAL_IMPROVED_HULL_L;超重型复合装甲 ;;;;;;;;;;X
NAME_NAVAL_TORPEDOES_L;热动力鱼雷装置 ;;;;;;;;;;X
NAME_NAVAL_MINES;舰载水雷系统 ;;;;;;;;;;X
NAME_NAVAL_SA_L;主力舰辅助火力 ;;;;;;;;;;X
NAME_NAVAL_SPOTTER_L;舰载侦察机 ;;;;;;;;;;X
NAME_NAVAL_SPOTTER_S;辅助舰侦察机 ;;;;;;;;;;X
;;;;;;;;;;;X
NAME_B_U1;轻型航母舰载机 ;;;;;;;;;;X
NAME_B_U2;基本核动力推进器 ;;;;;;;;;;X
NAME_B_U3;柴燃联合动力推进器 ;;;;;;;;;;X
NAME_B_U4;巨型火炮 ;;;;;;;;;;X
NAME_B_U5;突击炮 ;;;;;;;;;;X
NAME_B_U6;舰用涂装与干扰设备 ;;;;;;;;;;X
NAME_B_U7;舰载导弹 ;;;;;;;;;;X
NAME_B_U8;师属重炮 ;;;;;;;;;;X
NAME_B_U9;集团军重炮群 ;;;;;;;;;;X
NAME_B_U10;自行防空炮 ;;;;;;;;;;X
NAME_B_U11;地对空导弹 ;;;;;;;;;;X
SNAME_ARTILLERY;炮兵 ;;;;;;;;;;X
SNAME_SP_ARTILLERY;自行火炮 ;;;;;;;;;;X
SNAME_ROCKET_ARTILLERY;火箭炮 ;;;;;;;;;;X
SNAME_SP_ROCKET_ARTILLERY;自行火箭炮 ;;;;;;;;;;X
SNAME_TANK_DESTROYER;坦克歼击车 ;;;;;;;;;;X
SNAME_HEAVY_ARMOR;pC ;;;;;;;;;;X
SNAME_SUPER_HEAVY_ARMOR;重C ;;;;;;;;;;X
SNAME_ARMORED_CAR;装甲车 ;;;;;;;;;;X
SNAME_ANTITANK;反坦 ;;;;;;;;;;X
SNAME_ANTIAIR;防空 ;;;;;;;;;;X
SNAME_ENGINEER;工兵 ;;;;;;;;;;X
SNAME_POLICE;宪兵 ;;;;;;;;;;X
SNAME_LIGHT_ARMOR_BRIG;轻装甲团 ;;;;;;;;;;X
SNAME_B_U1;轻舰载LCAG ;;;;;;;;;;X
SNAME_B_U2;核能系统-NU_L ;;;;;;;;;;X
SNAME_B_U3;联合动力 ;;;;;;;;;;X
SNAME_B_U4;巨炮 ;;;;;;;;;;X
SNAME_B_U5;突击炮 ;;;;;;;;;;X
SNAME_B_U6;舰用伪装 ;;;;;;;;;;X
SNAME_B_U7;舰载导弹 ;;;;;;;;;;X
SNAME_B_U8;重炮团 ;;;;;;;;;;X
SNAME_B_U9;重炮群 ;;;;;;;;;;X
SNAME_B_U10;自行防空 ;;;;;;;;;;X
SNAME_B_U11;地对空导弹 ;;;;;;;;;;X
SNAME_CAS;俯冲 ;;;;;;;;;;X
SNAME_CAG;舰载 ;;;;;;;;;;X
SNAME_INFANTRY;标准军 ;;;;;;;;;;X
SNAME_CAVALRY;机动军 ;;;;;;;;;;X
SNAME_MOTORIZED;常备军 ;;;;;;;;;;X
SNAME_MECHANIZED;王牌机步 ;;;;;;;;;;X
SNAME_LIGHT_ARMOR;王牌装甲 ;;;;;;;;;;X
SNAME_ARMOR;装甲 ;;;;;;;;;;X
SNAME_PARATROOPER;伞兵 ;;;;;;;;;;X
SNAME_MARINE;陆战队 ;;;;;;;;;;X
SNAME_BERGSJAEGER;山地 ;;;;;;;;;;X
SNAME_GARRISON;要塞 ;;;;;;;;;;X
SNAME_HQ;指挥部 ;;;;;;;;;;X
SNAME_INTERCEPTOR;截击 ;;;;;;;;;;X
SNAME_MULTI_ROLE;歼击 ;;;;;;;;;;X
SNAME_ESCORT;护航 ;;;;;;;;;;X
SNAME_STRATEGIC_BOMBER;战略 ;;;;;;;;;;X
SNAME_TACTICAL_BOMBER;战术 ;;;;;;;;;;X
SNAME_NAVAL_BOMBER;海轰 ;;;;;;;;;;X
SNAME_TRANSPORT_PLANE;空运 ;;;;;;;;;;X
SNAME_BATTLESHIP;战列 ;;;;;;;;;;X
SNAME_CRUISER;巡洋 ;;;;;;;;;;X
SNAME_LIGHT_CRUISER;轻巡 ;;;;;;;;;;X
SNAME_HEAVY_CRUISER;重巡 ;;;;;;;;;;X
SNAME_BATTLECRUISER;战巡 ;;;;;;;;;;X
SNAME_DESTROYER;驱逐 ;;;;;;;;;;X
SNAME_CARRIER;航母 ;;;;;;;;;;X
SNAME_SUBMARINE;潜艇 ;;;;;;;;;;X
SNAME_TRANSPORT;海运 ;;;;;;;;;;X
SNAME_FLYING_BOMB;混成旅 ;;;;;;;;;;X
SNAME_FLYING_ROCKET;炮舰GB ;;;;;;;;;;X
SNAME_MILITIA;动员兵 ;;;;;;;;;;X
SNAME_NUCLEAR_SUBMARINE;快艇TPB ;;;;;;;;;;X
SNAME_ESCORT_CARRIER;轻航母 ;;;;;;;;;;X
;;;;;;;;;;;X
SNAME_NAVAL_ASW;反潜ASW ;;;;;;;;;;X
SNAME_NAVAL_ANTI_AIR_S;防空AA_S ;;;;;;;;;;X
SNAME_NAVAL_RADAR_S;雷达RA_S ;;;;;;;;;;X
SNAME_NAVAL_FIRE_CONTROLL_S;火控FC_S ;;;;;;;;;;X
SNAME_NAVAL_IMPROVED_HULL_S;船体IH_S ;;;;;;;;;;X
SNAME_NAVAL_TORPEDOES_S;电动鱼雷TM_E ;;;;;;;;;;X
SNAME_NAVAL_ANTI_AIR_L;防空AA_L ;;;;;;;;;;X
SNAME_NAVAL_RADAR_L;雷达RA_L ;;;;;;;;;;X
SNAME_NAVAL_FIRE_CONTROLL_L;火控FC_L ;;;;;;;;;;X
SNAME_NAVAL_IMPROVED_HULL_L;重装甲 ;;;;;;;;;;X
SNAME_NAVAL_TORPEDOES_L;热动力鱼雷TM_F ;;;;;;;;;;X
SNAME_NAVAL_MINES;水雷SM ;;;;;;;;;;X
SNAME_NAVAL_SA_L;副炮SA_L ;;;;;;;;;;X
SNAME_NAVAL_SPOTTER_L;海侦SP ;;;;;;;;;;X
SNAME_NAVAL_SPOTTER_S;海侦SP_S ;;;;;;;;;;X
;;;;;;;;;;;X
SNAME_B_U1;轻舰载LCAG ;;;;;;;;;;X
SNAME_B_U2;核能系统-NU_L ;;;;;;;;;;X
SNAME_B_U3;联合动力 ;;;;;;;;;;X
;;;;;;;;;;;X
SDESC_INFANTRY;标准步兵师 ;;;;;;;;;;X
SDESC_CAVALRY;机动（骑兵）师 ;;;;;;;;;;X
SDESC_MOTORIZED;常备步兵师 ;;;;;;;;;;X
SDESC_MECHANIZED;王牌机械化步兵师 ;;;;;;;;;;X
SDESC_LIGHT_ARMOR;王牌装甲师 ;;;;;;;;;;X
SDESC_ARMOR;装甲师 ;;;;;;;;;;X
SDESC_PARATROOPER;空降师 ;;;;;;;;;;X
SDESC_MARINE;陆战师 ;;;;;;;;;;X
SDESC_BERGSJAEGER;山地师 ;;;;;;;;;;X
SDESC_GARRISON;要塞师 ;;;;;;;;;;X
SDESC_HQ;指挥部 ;;;;;;;;;;X
SDESC_CAS;俯冲轰炸机大队 ;;;;;;;;;;X
SDESC_INTERCEPTOR;截击机大队 ;;;;;;;;;;X
SDESC_MULTI_ROLE;歼击机大队 ;;;;;;;;;;X
SDESC_ESCORT;护航机中队 ;;;;;;;;;;X
SDESC_STRATEGIC_BOMBER;战略轰炸机大队 ;;;;;;;;;;X
SDESC_TACTICAL_BOMBER;战术轰炸机大队 ;;;;;;;;;;X
SDESC_TRANSPORT_PLANE;运输机大队 ;;;;;;;;;;X
SDESC_NAVAL_BOMBER;海上轰炸机大队 ;;;;;;;;;;X
SDESC_BATTLESHIP;战列舰 ;;;;;;;;;;X
SDESC_CRUISER;巡洋舰 ;;;;;;;;;;X
SDESC_LIGHT_CRUISER;轻巡洋舰 ;;;;;;;;;;X
SDESC_HEAVY_CRUISER;重巡洋舰 ;;;;;;;;;;X
SDESC_BATTLECRUISER;战列巡洋舰 ;;;;;;;;;;X
SDESC_DESTROYER;驱逐舰支队 ;;;;;;;;;;X
SDESC_CARRIER;航空母舰 ;;;;;;;;;;X
SDESC_SUBMARINE;潜艇支队 ;;;;;;;;;;X
SDESC_TRANSPORT;运输舰支队 ;;;;;;;;;;X
SDESC_MILITIA;动员步兵师 ;;;;;;;;;;X
SDESC_FLYING_BOMB;混成旅;;;;;;;;;;X
SDESC_FLYING_ROCKET;炮舰GB ;;;;;;;;;;X
SDESC_ESCORT_CARRIER;轻型航空母舰 ;;;;;;;;;;X
SDESC_NUCLEAR_SUBMARINE;(TPB) 快艇;;;;;;;;;;X
SDESC_ARTILLERY;炮兵I;;;;;;;;;;X
SDESC_SP_ARTILLERY;自行火炮I;;;;;;;;;;X
SDESC_ROCKET_ARTILLERY;火箭炮I;;;;;;;;;;X
SDESC_SP_ROCKET_ARTILLERY;自行火箭炮I;;;;;;;;;;X
SDESC_TANK_DESTROYER;坦克歼击车I;;;;;;;;;;X
SDESC_LIGHT_ARMOR_BRIG;轻型装甲加强团 ;;;;;;;;;;X
SDESC_HEAVY_ARMOR;pCI;;;;;;;;;;X
SDESC_SUPER_HEAVY_ARMOR;重CI;;;;;;;;;;X
SDESC_ARMORED_CAR;装甲车I;;;;;;;;;;X
SDESC_ANTITANK;反坦克I ;;;;;;;;;;X
SDESC_ANTIAIR;防空I;;;;;;;;;;X
SDESC_ENGINEER;工兵I;;;;;;;;;;X
SDESC_POLICE;宪兵I;;;;;;;;;;X
SDESC_B_U4;巨炮支援群 ;;;;;;;;;;X
SDESC_B_U5;突击炮步兵加强团 ;;;;;;;;;;X
SDESC_B_U8;师属重炮团 ;;;;;;;;;;X
SDESC_B_U9;集团军重炮群 ;;;;;;;;;;X
SDESC_B_U10;自行防空炮I;;;;;;;;;;X
SDESC_B_U11;地对空导弹加强团 ;;;;;;;;;;X
SDESC_CAG;舰载机中队 ;;;;;;;;;;X
;;;;;;;;;;;X
SDESC_NAVAL_ASW;舰载反潜系统 ;;;;;;;;;;X
SDESC_NAVAL_ANTI_AIR_S;辅助舰防空系统 ;;;;;;;;;;X
SDESC_NAVAL_RADAR_S;辅助舰雷达系统 ;;;;;;;;;;X
SDESC_NAVAL_FIRE_CONTROLL_S;辅助舰火控系统 ;;;;;;;;;;X
SDESC_NAVAL_IMPROVED_HULL_S;辅助舰改良船体 ;;;;;;;;;;X
SDESC_NAVAL_TORPEDOES_S;电动鱼雷装置 ;;;;;;;;;;X
SDESC_NAVAL_ANTI_AIR_L;主力舰防空系统 ;;;;;;;;;;X
SDESC_NAVAL_RADAR_L;主力舰雷达系统 ;;;;;;;;;;X
SDESC_NAVAL_FIRE_CONTROLL_L;主力舰火控系统 ;;;;;;;;;;X
SDESC_NAVAL_IMPROVED_HULL_L;超重型复合装甲 ;;;;;;;;;;X
SDESC_NAVAL_TORPEDOES_L;热动力鱼雷装置 ;;;;;;;;;;X
SDESC_NAVAL_MINES;舰载水雷系统 ;;;;;;;;;;X
SDESC_NAVAL_SA_L;主力舰辅助火力 ;;;;;;;;;;X
SDESC_NAVAL_SPOTTER_L;舰载侦察机 ;;;;;;;;;;X
SDESC_NAVAL_SPOTTER_S;辅助舰侦察机 ;;;;;;;;;;X
;;;;;;;;;;;X
SDESC_B_U1;轻型舰载机大队 ;;;;;;;;;;X
SDESC_B_U2;基本核推进器 ;;;;;;;;;;X
SDESC_B_U3;联合动力推进器 ;;;;;;;;;;X
;;;;;;;;;;;X
LDESC_INFANTRY;标准步兵师是各国由常备师部分军官、士兵混合预备役士兵（ 退伍士兵）组成的作战力量，往往在战前或战中组建。具备相 当的战斗经验，是一国维持战线的主要力量，组成一国步兵师 的主体。一个师级单位下通常含有轻型的炮兵单位、工兵单位 、辎重兵单位、侦察单位，也会根据作战任务需要临时加强或 削弱某些单位。在二流或前工业国家中，这样的部队往往已经 是国家的主力。通常兵力标准在11000-15000之间 。随着机械装备的普及，也逐步摩步化。标准步兵师有能力占 领大片陆地，保证其他部队占领下淼那域的安全。 ;;;;;;;;;;X
LDESC_CAVALRY;骑兵是人类战争史上最早的机动部队，但是随着武器的发展， 骑兵在面对越来越强的火力时损失越来越大。装甲部队的出现 更是直接威胁了骑兵的存在。骑兵逐渐随着技术的发展而摩步 化、机步化，更多以快速机动部队的面貌出现，以另一种形式 成为了现代战争的机动部队主力。 ;;;;;;;;;;X
LDESC_MOTORIZED;常备步兵师是各国常备武力标准，通常编制较大，兵员以职业 军人为主，一个师级单位下包含完整的炮兵单位、工兵单位、 辎重兵单位、侦察单位（骑兵或轻装甲），不同国家依国力还 会配有反坦克单位、防空单位等。通常兵力标准在15000 -24000人之间。通常是一个国家的精锐主力部队构成， 并成为最早的摩托化与机械化改装的步兵部队。 ;;;;;;;;;;X
LDESC_MECHANIZED;王牌师是一个国家军队的灵魂，他们不仅具备远远超出一般部 队的战斗力，更重要的是他们的意志和精神激励着整支军队。 他们通常编制较大，兵员以来自百战余生的老兵或最优秀的新 兵，他们得到最优先的保障和补充，最早的得到最新的武器。 他们有完整的部队建制，最为勇敢与优秀的军官，如果说他们 的诞生是一个国家血与火的荣耀，那么他们的存在便是一个国 家最强大的矛与盾。向人类社会一切为理想与守护而战的勇士 致敬！ ;;;;;;;;;;X
LDESC_LIGHT_ARMOR;王牌师是一个国家军队的灵魂，他们不仅具备远远超出一般部 队的战斗力，更重要的是他们的意志和精神激励着整支军队。 他们通常编制较大，兵员以来自百战余生的老兵或最优秀的新 兵，他们得到最优先的保障和补充，最早的得到最新的武器。 他们有完整的部队建制，最为勇敢与优秀的军官，如果说他们 的诞生是一个国家血与火的荣耀，那么他们的存在便是一个国 家最强大的矛与盾。向人类社会一切为理想与守护而战的勇士 致敬！;;;;;;;;;;X
LDESC_ARMOR;装甲部队可以在战场上发挥更强大的实力。他们的速度和火 力让他们对任何，特e是步兵造成严重杀伤。但是，在坦克 变得越来越重型时，它们的速度也会下降。他们的行动需要 汽油的供给，如果供给紧缺，装甲部队就动不了了。 ;;;;;;;;;;X
LDESC_PARATROOPER;伞兵是步兵精英部队之一，他们经过了跳伞或是通过滑翔机降 落的训练。他们的速度让他们成为一支完美的机动部队，或是 用来占领一些敌后的战略目标。然而，这样的特殊作战方式使 他们依赖于S多装备，同时如果他们进行行动，最好能有别的 单位对他们进行支援。早期的伞兵主要采用伞降方式，但随着 直升机技术的发展，伞兵作战更多的依赖于运输机长距离空运 与直升机机降突击相结合的作战方式，具备了更强的攻坚与持 续作战能力。 ;;;;;;;;;;X
LDESC_MARINE;海军陆战队是步兵精英部队之一，他们接受了登陆作战以及 其他海上任务的训练。他们能够使用的一些特殊b备和战术 让他们成为步兵的特殊部分。 ;;;;;;;;;;X
LDESC_BERGSJAEGER;山地部队是步兵精英部队之一，他们接受了在山区地带进行 任务的训练。他们能够使用的一些特殊装备和战术让 他们成为步兵的特殊部分。 ;;;;;;;;;;X
LDESC_GARRISON;要塞是各种堡垒、壕沟、地雷带、障碍物、轻重火力所构筑的 死亡陷阱。在现代建筑技术的造诣下，要塞远远超过了中世纪 的那种概念，最为著名的旅顺要塞的攻防战一直为世人所惊叹 ，而要塞也成为了各个国家守卫首都与重要地点的不二选择。 要塞守备队往往来自有坚定意志的前线部队，尽管他们远离前 线，但是战事一旦在要塞打响，他们就怀抱了必死的决心。请 记住，不要浪费士兵的鲜血在要塞面前。 ;;;;;;;;;;X
LDESC_HQ;指挥部是你军队的首脑。他集合了能让你的部队运转的工作 人员，例如后勤和计划人员。他们能给周边部队带来战斗加 成，但你最好保护好他们，因为他们本身的作战能力很差。 ;;;;;;;;;;X
LDESC_CAS;俯冲轰炸机是闪电战的关键。这些战机有能力精确攻击敌军 的个体，从而使你的地面部队完成突破。他们都是速度慢、 稳定好的飞机，所以很容易被击落。 ;;;;;;;;;;X
LDESC_INTERCEPTOR;截击机是用来对付轰炸机的短程战机。他们高速、灵巧，足 以躲避轰炸机上的机关枪射击，同时用更有对付重装甲轰炸 机的火力。他们可以同战斗机一拼，但终究不是很有效。 ;;;;;;;;;;X
LDESC_MULTI_ROLE;歼击机是空军的骨干。他们被用来取得制空权，同敌机交战 。他们是多面手，能执行任何任务，但在各方面都不突出。 ;;;;;;;;;;X
LDESC_ESCORT;护航机是一种远程战斗机，被设计用来给轰炸机护航驱逐截 击机。他们进行护航训练并应用在护航轰炸机的任务中。他 们不善于争夺制空权。 ;;;;;;;;;;X
LDESC_STRATEGIC_BOMBER;战略轰炸机是一种设计来对敌人地区投放重型炸弹的最大型 的飞机。目的是摧У腥说墓ひ岛突础设施。但是在漫长航 程中它飞行缓慢，这让他们很容易遭到战斗机的进攻。 ;;;;;;;;;;X
LDESC_TACTICAL_BOMBER;战术轰炸机是种中型飞机，比战斗机稍大，比战略轰炸机稍 小。它主要是用来对敌人地面部队，例如装甲部队或是步兵 部队进行轰炸。尽管他们有一定的空战能力，却仍然很容易 被战斗机击落。 ;;;;;;;;;;X
LDESC_TRANSPORT_PLANE;运输机可以快速且长距离地运送人员和物资。伞兵依赖运输 机运送他们到达目标并在空中为他们提供补给。 ;;;;;;;;;;X
LDESC_BATTLESHIP;战列舰是海上的女王。它是巨大的移动炮台。可以在远距离 对敌舰发起进攻，将他们击沉。但他们害怕空中以及潜艇的 攻击，航空母舰的出现正式结束了战列舰称霸海洋的年代。 ;;;;;;;;;;X
LDESC_LIGHT_CRUISER;轻巡洋舰只比大型驱逐舰大一点。他们以牺牲装甲来换取速 度和航程。其用途是给战列舰和航母等大型舰只护航并保证 其不受敌军水面舰只和潜艇的攻击。 ;;;;;;;;;;X
LDESC_HEAVY_CRUISER;重巡洋舰拥有比轻巡更多的装甲和更大的船体。使用更大的 主炮，他们可以攻击陆上目标。他们很善于对付驱逐舰和轻 巡，但缺乏防空和反潜能力。 ;;;;;;;;;;X
LDESC_BATTLECRUISER;战列巡洋舰是装备了大型主炮和适当装甲以保持合理速度与 航程的非常重型的巡洋舰。他们主要被用来截断敌人的海洋 航路，因为其具有超过敌人战列舰的速度和打败护航舰队的 能力。 ;;;;;;;;;;X
LDESC_DESTROYER;驱逐舰是海面舰艇中最小最快的军舰。同战列舰相比，它们 的装甲非常薄，但它的速度和机动性让它们在对敌人舰队的 战斗中表现出色。同时他们的轻型武器在面对空中的威胁时 能发挥巨大作用。驱逐舰一般混和成组，并用来进行护航或 反潜任务。 ;;;;;;;;;;X
LDESC_CARRIER;航空母舰正逐步成为海军中最重要的舰艇。它可以通过运载 的飞机来进行作战，使得这种舰艇对敌人战舰和地面部队都 有很大杀伤。但是它本身的装甲K不厚实，并且在依靠飞机 的同时，也需要其它海上舰船的支持，来作为自己的防护。 ;;;;;;;;;;X
LDESC_SUBMARINE;潜艇可以在水下航行，因此可以秘密攻击其他海军单位。它 主要的进攻方式就是利用鱼雷这种能够对任何其它类型舰船 ，无论是巡洋舰战列舰，运输舰或是其它潜艇，造成毁灭性 打击的武器。一些近程武器可以消灭它。同时研究有关这 方面的科技需要大量花费。 ;;;;;;;;;;X
LDESC_TRANSPORT;海军运输舰的重要作用在于可以运送补给和物资到世界的任 何地方。它们也可以用来运送地面单位通过海峡。然而他们 完全没有能力自卫因此如果没有得到保护，它将成为敌方海 军及空军的首要目标。 ;;;;;;;;;;X
LDESC_MILITIA;动员师是各国由少量军官、职业士兵为主体构建的征召军队。 战时征召，战后解散，并不维持编制。士兵缺乏必要的战斗素 质与经验，难以承担艰巨的攻坚任务，根据不同国家的教育、 民族文化与预备役体系的不同，动员师的战斗力参差不齐。这 些步兵师往往缺乏技术兵器，枪械老旧，也只能维持着一战的 战术。但是在现代化的国家里，动员兵的战斗力也往往非常可 观，强大的工业能力也使得动员兵具有不差于一般国家常备部 队的装备水准。一些三流或前工业国家的所谓职业军队往往也 只能归入动员兵的行列。 ;;;;;;;;;;X
LDESC_NAVAL_BOMBER;海军轰炸机仅仅比战斗机稍大。它被设计为配合海军部队， 并提供精确的战术轰炸来扰乱敌人的海面部。他们拥有有 限的空战能力，极易被战斗机击落。 ;;;;;;;;;;X
LDESC_FLYING_BOMB;混成旅 ;;;;;;;;;;X
LDESC_FLYING_ROCKET;近岸巡逻舰吨位可从数十吨到四、五百吨不等，功能 视设计具体情况而定，可能用于扫雷、反潜、飞弹或 鱼雷突袭、近岸巡逻、巡河、情报搜集、缉私、救援 等多种功能。有时又称为护卫艇、炮舰、炮艇。巡逻 舰以小口径舰炮为主要武装，航速约10～45节，导弹 快艇可达70节。一般装备有6公分以下口径舰炮和深 水炸弹。巡逻舰是出现较早的战斗艇。中国清末拥有 若干。第一次世界大战后，此种舰艇逐渐发展成为反 潜护卫艇或鱼雷艇，用于近海搜索、监视和攻击敌方 潜艇、水面舰。;;;;;;;;;;X
LDESC_ESCORT_CARRIER;轻型航空母舰在战争后期成为重要的海军舰船，它能担任护 航，反潜和两栖支援任务。它搭载的舰载机使其高效而用途 广泛，从而使那些更昂贵的大型航母可以用于其他用途。这 些军舰本身只有很薄弱的装甲和极少的自卫武器，其设施也 比重型航母少得多。 ;;;;;;;;;;X
;;;;;;;;;;;X
LDESC_ARTILLERY;炮兵I将增加我方单位对非装甲目标进攻的能力，对步兵和 摩托化单位造成更大伤害。 ;;;;;;;;;;X
LDESC_SP_ARTILLERY;自行火炮加强I能增强你装甲部队和机械化部队的非装甲攻 击力。但不会像普通炮兵加强团那样减低部队速度。 ;;;;;;;;;;X
LDESC_ROCKET_ARTILLERY;火箭炮加强I能增强你部队的非装甲攻击力。火箭是面攻击 武器，对某一地区进行饱和轰击，所以适合对付密集的步兵 师。 ;;;;;;;;;;X
LDESC_SP_ROCKET_ARTILLERY;自行火箭炮I能增强你装甲部队和机械化部队的非装甲 攻击力。他们很善于对付步兵师，但是不会像普通火箭炮兵 加强团那样减低你部队的速度。 ;;;;;;;;;;X
LDESC_TANK_DESTROYER;坦克歼击车同普通坦克很相似。不同点是他们没有旋转炮塔 且集中装甲于正面，他们能增强作战单位的反装甲能力。 ;;;;;;;;;;X
LDESC_LIGHT_ARMOR_BRIG;轻型装甲加强团能够增加作战单位的反装甲能力。轻型装甲 部队快速坚韧因而难以被笨重的重型坦克所击毁，他们的机 动力使他们能够从侧后面袭击轻重型装甲部队。 ;;;;;;;;;;X
LDESC_HEAVY_ARMOR;pC ;;;;;;;;;;X
LDESC_SUPER_HEAVY_ARMOR;重C;;;;;;;;;;X
LDESC_ARMORED_CAR;装甲车是非履带车辆，装备轻装甲和适度武器。能增加作战 单位的非装甲攻击能力，并善于对付运输车辆和后方部队。 ;;;;;;;;;;X
LDESC_ANTITANK;反坦克I将加强我方单位对装甲目标的进攻能力，对装甲部 队和机械化部队造成更大伤害。 ;;;;;;;;;;X
LDESC_ANTIAIR;防空I将增加我方单位的对空作战能力，对飞机造成更大伤 害。 ;;;;;;;;;;X
LDESC_ENGINEER;工兵团将增加我方部队通过河流的能力，并使速度更快，减 少混乱。 ;;;;;;;;;;X
LDESC_POLICE;宪兵I善于镇压游击队和叛军，同时在大多数国家他们也承担 督战队和军纪纠察的角色，在他们的控制下，部队不容易陷入 混乱和崩溃，同时，宪兵们也是训练有素的军人，在必要的时 候他们也会上战场和普通士兵们一起战斗，所以它往往也是一 个步兵团单位。 ;;;;;;;;;;X
LDESC_CAG;舰载航空中队是航母的舰载辅助战机。他们通常由战斗机、 鱼雷机和俯冲轰炸机组成，负责保护航母和远距离袭击敌军 舰只。 ;;;;;;;;;;X
;;;;;;;;;;;X
;;;;;;;;;;;X
LDESC_NAVAL_ASW;舰载反潜系统利用声纳和反潜武器，增强了舰艇发现及击沉 潜艇的能力。 ;;;;;;;;;;X
LDESC_NAVAL_ANTI_AIR_S;辅助舰防空系统改进了防空火力及瞄准技术，使舰艇更容易 对付敌方空军。 ;;;;;;;;;;X
LDESC_NAVAL_RADAR_S;辅助舰雷达系统利用水面搜索雷达，使舰艇更容易发现敌人 军舰及护航船队。 ;;;;;;;;;;X
LDESC_NAVAL_FIRE_CONTROLL_S;辅助舰火控系统利用机械计算机来计算及修正火力方案，使 军舰能更远更精确地射击。 ;;;;;;;;;;X
LDESC_NAVAL_IMPROVED_HULL_S;辅助舰改良船体集中装甲于关键部位，以及更多的水密隔间 将改进舰艇的生存能力。 ;;;;;;;;;;X
LDESC_NAVAL_TORPEDOES_S;电动鱼雷装置改良了鱼雷瞄准系统和相应的现代鱼雷，使 舰艇更有效的护航袭击。 ;;;;;;;;;;X
LDESC_NAVAL_ANTI_AIR_L;主力舰防空系统改进了防空火力及瞄准技术，使舰艇更容易 对付敌方空军。 ;;;;;;;;;;X
LDESC_NAVAL_RADAR_L;主力舰雷达系统利用水面搜索雷达，使舰艇更容易发现敌人 军舰及护航船队。 ;;;;;;;;;;X
LDESC_NAVAL_FIRE_CONTROLL_L;主力舰火控系统利用机械计算机来计算及修正火力方案，使 军舰能更远更精确地射击。 ;;;;;;;;;;X
LDESC_NAVAL_IMPROVED_HULL_L;超重型复合装甲集中装甲于关键部位，以及更多的水密隔间 将改进舰艇的生存能力。 ;;;;;;;;;;X
LDESC_NAVAL_TORPEDOES_L;热动力鱼雷装置改良了鱼雷瞄准系统和相应的现代鱼雷，使 舰艇更有效的护航袭击。 ;;;;;;;;;;X
LDESC_NAVAL_MINES;舰载水雷系统，用于攻击商船的水雷。 ;;;;;;;;;;X
LDESC_NAVAL_SA_L;主力舰辅助火力，如额外的中型舰载火炮。 ;;;;;;;;;;X
LDESC_NAVAL_SPOTTER_L;主力舰海上侦查机 ;;;;;;;;;;X
LDESC_NAVAL_SPOTTER_S;辅助舰海上侦查机 ;;;;;;;;;;X
;;;;;;;;;;;X
LDESC_B_U1;用于护卫航母的轻型舰载机群 ;;;;;;;;;;X
LDESC_B_U2;基本核动力推进器 ;;;;;;;;;;X
LDESC_B_U3;柴燃联合动力推进器 ;;;;;;;;;;X
LDESC_B_U4;巨型火炮是各国制造的口径与威力远远大于普通重炮的大型火 炮，通常用于要塞守备与攻坚。 ;;;;;;;;;;X
LDESC_B_U5;突击炮是德国工程师们的一种杰作，它将曲射炮或平射炮装在 装甲车底盘上，近距离给步兵提供支援火力，并在很多时候充 当了反坦克火力，比通常德牵引火炮拥有更好的机动性。 ;;;;;;;;;;X
LDESC_B_U6;早期的伪装装置只是给军舰涂上与大海相似的涂装而让敌方更 难发现，随着技术的发展，电子干扰和雷达干扰装置能够使对 方的无线电和雷达装置失效，从而更好的隐藏自己。 ;;;;;;;;;;X
LDESC_B_U7;导弹的出现使战争进入到了精确打击的年代，而这对海军无疑 更加重要，巨舰大炮的时代终结了。 ;;;;;;;;;;X
LDESC_B_U8;重炮团往往配属给师或军一级的攻坚单位，作为重要的战略打 击力量。它往往由若干门150MM乃至以上口径的榴弹炮或 加农炮组成，在远距离对敌军进行大范围的覆盖轰炸。它的威 慑力量更高于实战力量，它笨重的体积导致机动性能很差也是 一个明显的缺点。 ;;;;;;;;;;X
LDESC_B_U9;集团军重炮群是一个庞大的炮兵集群单位，它不仅包含了若干个重炮单位，也包括必要的防空与反坦单位，往往作为重要的压制火力单位。 ;;;;;;;;;;X
LDESC_B_U10;自行高射炮是自行火炮的一种应用，通过与装甲车的结合，防 空炮获得了更好的机动性，并能够提供更大范围的防空支持。 ;;;;;;;;;;X
LDESC_B_U11;防空导弹使得高空不再是飞机的安全地带，它甚至可以打下2 0000米高空的侦察机，导弹的出现代表着一个新的战争模 式的出现。 ;;;;;;;;;;X
;;;;;;;;;;;X
;;;;;;;;;;;X
;;;;;;;;;;;X
;;;;;;;;;;;X
MODEL_0_0;清末老式步兵师 ;;;;;;;;;;X
MODEL_0_1;德式操典步兵师 ;;;;;;;;;;X
MODEL_0_2;小站新军步兵师 ;;;;;;;;;;X
MODEL_0_3;清末北方新军步兵师 ;;;;;;;;;;X
MODEL_0_4;国械参战军步兵师 ;;;;;;;;;;X
MODEL_0_5;北洋政府中央军步兵师 ;;;;;;;;;;X
MODEL_0_6;派系军阀编制步兵师 ;;;;;;;;;;X
MODEL_0_7;大军阀编制步兵师 ;;;;;;;;;;X
MODEL_0_8;列强编训标准步兵师 ;;;;;;;;;;X
MODEL_0_9;日式操典步兵师 ;;;;;;;;;;X
MODEL_0_10;自强军标准步兵师 ;;;;;;;;;;X
MODEL_0_11;清末南方新军步兵师 ;;;;;;;;;;X
MODEL_0_12;日械参战军步兵师 ;;;;;;;;;;X
MODEL_0_13;北洋政府省防军步兵师 ;;;;;;;;;;X
MODEL_0_14;早期革命军步兵师 ;;;;;;;;;;X
MODEL_0_15;北伐军标准步兵师 ;;;;;;;;;;X
MODEL_0_16;国民革命军标准步兵师 ;;;;;;;;;;X
MODEL_0_17;工农红军标准步兵师 ;;;;;;;;;;X
MODEL_0_18;红军27型标准师 ;;;;;;;;;;X
MODEL_0_19;红军36型标准师;;;;;;;;;;X
MODEL_0_20;红军39型标准师 ;;;;;;;;;;X
MODEL_0_21;红军41型摩托化标准师 ;;;;;;;;;;X
MODEL_0_22;红军43型摩托化标准师 ;;;;;;;;;;X
MODEL_0_23;红军45型摩托化标准师 ;;;;;;;;;;X
MODEL_0_24;红军48型摩托化标准师 ;;;;;;;;;;X
MODEL_0_25;红军51型摩托化标准师 ;;;;;;;;;;X
MODEL_0_26;红军55型摩托化标准师 ;;;;;;;;;;X
MODEL_0_27;盟军27型标准师 ;;;;;;;;;;X
MODEL_0_28;盟军36型标准师 ;;;;;;;;;;X
MODEL_0_29;盟军39型标准师 ;;;;;;;;;;X
MODEL_0_30;盟军41型摩托化标准师 ;;;;;;;;;;X
MODEL_0_31;盟军43型摩托化标准师 ;;;;;;;;;;X
MODEL_0_32;盟军45型摩托化标准师 ;;;;;;;;;;X
MODEL_0_33;盟军48型摩托化标准师 ;;;;;;;;;;X
MODEL_0_34;盟军51型摩托化标准师 ;;;;;;;;;;X
MODEL_0_35;盟军55型摩托化标准师 ;;;;;;;;;;X
MODEL_0_36;一战标准步兵师 ;;;;;;;;;;X
MODEL_0_37;国军27型乙等师;;;;;;;;;;X
MODEL_0_38;国军36型乙等师;;;;;;;;;;X
MODEL_0_39;国军39型乙等师 ;;;;;;;;;;X
MODEL_0_40;国军41型乙等师 ;;;;;;;;;;X
MODEL_0_41;国军43型摩托化乙等师 ;;;;;;;;;;X
MODEL_0_42;国军45型摩托化乙等师 ;;;;;;;;;;X
MODEL_0_43;国军48型摩托化乙等边防师 ;;;;;;;;;;X
MODEL_0_44;国军51型摩托化乙等边防师 ;;;;;;;;;;X
MODEL_0_45;国军55型摩托化乙等边防师 ;;;;;;;;;;X
MODEL_0_46;工农红军游击队;;;;;;;;;;X
MODEL_0_47;八路军36型军区纵队;;;;;;;;;;X
MODEL_0_48;八路军39型军区纵队 ;;;;;;;;;;X
MODEL_0_49;八路军41型军区纵队 ;;;;;;;;;;X
MODEL_0_50;八路军43型摩托化军区纵队 ;;;;;;;;;;X
MODEL_0_51;解放军45型摩托化边防师 ;;;;;;;;;;X
MODEL_0_52;解放军48型摩托化边防师 ;;;;;;;;;;X
MODEL_0_53;解放军51型摩托化边防师 ;;;;;;;;;;X
MODEL_0_54;解放军55型摩托化边防师 ;;;;;;;;;;X
MODEL_0_55;日军27型乙种师团 ;;;;;;;;;;X
MODEL_0_56;日军36型乙种师团 ;;;;;;;;;;X
MODEL_0_57;日军39型乙种师团 ;;;;;;;;;;X
MODEL_0_58;日军41型摩托化乙种师团 ;;;;;;;;;;X
MODEL_0_59;日军43型摩托化乙种师团 ;;;;;;;;;;X
MODEL_0_60;日军45型摩托化乙种师团 ;;;;;;;;;;X
MODEL_0_61;日军48型摩托化乙种师团 ;;;;;;;;;;X
MODEL_0_62;日军51型摩托化乙种师团 ;;;;;;;;;;X
MODEL_0_63;日军55型摩托化乙种师团 ;;;;;;;;;;X
MODEL_0_64;一战标准步兵师 ;;;;;;;;;;X
MODEL_0_65;36型标准步兵师 ;;;;;;;;;;X
MODEL_0_66;39型标准步兵师 ;;;;;;;;;;X
MODEL_0_67;41型摩托化标准步兵师 ;;;;;;;;;;X
MODEL_0_68;43型摩托化标准步兵师 ;;;;;;;;;;X
MODEL_0_69;45型摩托化标准步兵师 ;;;;;;;;;;X
MODEL_0_70;48型摩托化标准步兵师 ;;;;;;;;;;X
MODEL_0_71;51型摩托化标准步兵师 ;;;;;;;;;;X
MODEL_0_72;55型摩托化标准步兵师 ;;;;;;;;;;X
MODEL_0_73;国防军27型标准步兵师 ;;;;;;;;;;X
MODEL_0_74;国防军36型标准步兵师 ;;;;;;;;;;X
MODEL_0_75;国防军39型标准步兵师 ;;;;;;;;;;X
MODEL_0_76;国防军41型摩托化标准师 ;;;;;;;;;;X
MODEL_0_77;国防军43型摩托化标准师 ;;;;;;;;;;X
MODEL_0_78;国防军45型摩托化标准师 ;;;;;;;;;;X
MODEL_0_79;国防军48型摩托化标准师 ;;;;;;;;;;X
MODEL_0_80;国防军51型摩托化标准师 ;;;;;;;;;;X
MODEL_0_81;国防军55型摩托化标准师 ;;;;;;;;;;X
MODEL_1_0;传统旧制骑兵师 ;;;;;;;;;;X
MODEL_1_1;淮军编制骑兵师 ;;;;;;;;;;X
MODEL_1_2;小站新军编制骑兵师 ;;;;;;;;;;X
MODEL_1_3;参战军编制骑兵师 ;;;;;;;;;;X
MODEL_1_4;北洋军编制骑兵师 ;;;;;;;;;;X
MODEL_1_5;革命军编制骑兵师 ;;;;;;;;;;X
MODEL_1_6;现代化骑兵师 ;;;;;;;;;;X
MODEL_1_8;48型机械化快速机动师 ;;;;;;;;;;X
MODEL_1_9;51型机械化快速机动师 ;;;;;;;;;;X
MODEL_1_10;55型机械化快速机动师 ;;;;;;;;;;X
MODEL_jap_1_0;一战骑兵旅团 ;;;;;;;;;;X
MODEL_jap_1_1;36型骑兵旅团 ;;;;;;;;;;X
MODEL_jap_1_2;39型骑兵师团 ;;;;;;;;;;X
MODEL_jap_1_3;39型准摩托化骑兵师团 ;;;;;;;;;;X
MODEL_jap_1_4;41型摩托化快速机动师团 ;;;;;;;;;;X
MODEL_jap_1_5;41型机械化快速机动师团 ;;;;;;;;;;X
MODEL_jap_1_6;43型机械化快速机动师团 ;;;;;;;;;;X
MODEL_jap_1_7;45型机械化快速机动师团 ;;;;;;;;;;X
MODEL_jap_1_8;48型机械化快速机动师团 ;;;;;;;;;;X
MODEL_jap_1_9;51型机械化快速机动师团 ;;;;;;;;;;X
MODEL_jap_1_10;55型机械化快速机动师团 ;;;;;;;;;;X
MODEL_1_11;国军一战骑兵师 ;;;;;;;;;;X
MODEL_1_12;国军36型骑兵师 ;;;;;;;;;;X
MODEL_1_13;国军39型骑兵师 ;;;;;;;;;;X
MODEL_1_14;国军39型准摩托化骑兵师 ;;;;;;;;;;X
MODEL_1_15;国军41型摩托化快速机动师 ;;;;;;;;;;X
MODEL_1_16;国军41型机械化快速机动师 ;;;;;;;;;;X
MODEL_1_17;国军43型机械化快速机动师 ;;;;;;;;;;X
MODEL_1_18;国军45型机械化快速机动师 ;;;;;;;;;;X
MODEL_1_19;国军48型机械化快速机动师 ;;;;;;;;;;X
MODEL_1_20;国军51型机械化快速机动师 ;;;;;;;;;;X
MODEL_1_21;国军55型机械化快速机动师 ;;;;;;;;;;X
MODEL_1_22;一战骑兵师 ;;;;;;;;;;X
MODEL_1_23;红军36型骑兵师 ;;;;;;;;;;X
MODEL_1_24;红军39型骑兵师 ;;;;;;;;;;X
MODEL_1_25;红军39型准摩托化骑兵师 ;;;;;;;;;;X
MODEL_1_26;红军41型摩托化快速机动师 ;;;;;;;;;;X
MODEL_1_27;红军41型机械化快速机动师 ;;;;;;;;;;X
MODEL_1_28;红军43型机械化快速机动师 ;;;;;;;;;;X
MODEL_1_29;红军45型机械化快速机动师 ;;;;;;;;;;X
MODEL_1_30;红军48型机械化快速机动师 ;;;;;;;;;;X
MODEL_1_31;红军51型机械化快速机动师 ;;;;;;;;;;X
MODEL_1_32;红军55型机械化快速机动师 ;;;;;;;;;;X
MODEL_1_33;一战骑兵师 ;;;;;;;;;;X
MODEL_1_34;工农红军骑兵师 ;;;;;;;;;;X
MODEL_1_35;八路军36型骑兵纵队 ;;;;;;;;;;X
MODEL_1_36;八路军39型骑兵纵队 ;;;;;;;;;;X
MODEL_1_37;八路军39型准摩托化骑兵纵队 ;;;;;;;;;;X
MODEL_1_38;解放军41型摩托化快速机动师 ;;;;;;;;;;X
MODEL_1_39;解放军41型机械化快速机动师 ;;;;;;;;;;X
MODEL_1_40;解放军43型机械化快速机动师 ;;;;;;;;;;X
MODEL_1_41;解放军45型机械化快速机动师 ;;;;;;;;;;X
MODEL_1_42;解放军48型机械化快速机动师 ;;;;;;;;;;X
MODEL_1_43;解放军51型机械化快速机动师 ;;;;;;;;;;X
MODEL_1_44;解放军55型机械化快速机动师 ;;;;;;;;;;X
MODEL_1_45;一战骑兵师 ;;;;;;;;;;X
MODEL_1_46;盟军36型骑兵师 ;;;;;;;;;;X
MODEL_1_47;盟军39型骑兵师 ;;;;;;;;;;X
MODEL_1_48;盟军39型准摩托化骑兵师 ;;;;;;;;;;X
MODEL_1_49;盟军41型摩托化快速机动师 ;;;;;;;;;;X
MODEL_1_50;盟军41型机械化快速机动师 ;;;;;;;;;;X
MODEL_1_51;盟军43型机械化快速机动师 ;;;;;;;;;;X
MODEL_1_52;盟军45型机械化快速机动师 ;;;;;;;;;;X
MODEL_1_53;盟军48型机械化快速机动师 ;;;;;;;;;;X
MODEL_1_54;盟军51型机械化快速机动师 ;;;;;;;;;;X
MODEL_1_55;盟军55型机械化快速机动师 ;;;;;;;;;;X
MODEL_1_56;一战骑兵师 ;;;;;;;;;;X
MODEL_1_57;国防军36型骑兵师 ;;;;;;;;;;X
MODEL_1_58;国防军39型骑兵师 ;;;;;;;;;;X
MODEL_1_59;国防军39型准摩托化骑兵师 ;;;;;;;;;;X
MODEL_1_60;国防军41型摩托化快速机动师 ;;;;;;;;;;X
MODEL_1_61;国防军41型机械化快速机动师 ;;;;;;;;;;X
MODEL_1_62;国防军43型机械化快速机动师 ;;;;;;;;;;X
MODEL_1_63;国防军45型机械化快速机动师 ;;;;;;;;;;X
MODEL_1_64;国防军48型机械化快速机动师 ;;;;;;;;;;X
MODEL_1_65;国防军51型机械化快速机动师 ;;;;;;;;;;X
MODEL_1_66;国防军55型机械化快速机动师 ;;;;;;;;;;X
MODEL_1_67;一战骑兵师 ;;;;;;;;;;X
MODEL_1_68;一战骑兵师 ;;;;;;;;;;X
MODEL_1_69;一战骑兵师 ;;;;;;;;;;X
MODEL_1_70;一战骑兵师 ;;;;;;;;;;X
MODEL_1_71;一战骑兵师 ;;;;;;;;;;X
MODEL_1_72;早期野战重炮兵旅团 ;;;;;;;;;;X
MODEL_1_73;39型野战重炮兵旅团 ;;;;;;;;;;X
MODEL_1_74;43型野战重炮兵旅团 ;;;;;;;;;;X
MODEL_1_75;48型野战重炮兵旅团 ;;;;;;;;;;X
MODEL_1_76;55型野战重炮兵旅团 ;;;;;;;;;;X
MODEL_2_0;一战常备步兵师 ;;;;;;;;;;X
MODEL_2_1;36型常备步兵师 ;;;;;;;;;;X
MODEL_2_2;39型摩托化常备步兵师 ;;;;;;;;;;X
MODEL_2_3;41型摩托化常备步兵师 ;;;;;;;;;;X
MODEL_2_4;43型摩托化常备步兵师 ;;;;;;;;;;X
MODEL_2_5;45型机械化常备步兵师 ;;;;;;;;;;X
MODEL_2_6;48型机械化常备步兵师 ;;;;;;;;;;X
MODEL_2_7;51型机械化常备步兵师 ;;;;;;;;;;X
MODEL_2_8;55型机械化常备步兵师 ;;;;;;;;;;X
MODEL_2_9;B国防军27型常备步兵师 ;;;;;;;;;;X
MODEL_2_10;B国防军36型常备步兵师 ;;;;;;;;;;X
MODEL_2_11;B国防军39型常备步兵师 ;;;;;;;;;;X
MODEL_2_12;B国防军41型摩托化常备师 ;;;;;;;;;;X
MODEL_2_13;B国防军43型摩托化常备师 ;;;;;;;;;;X
MODEL_2_14;B国防军45型机械化常备师 ;;;;;;;;;;X
MODEL_2_15;B国防军48型机械化常备师 ;;;;;;;;;;X
MODEL_2_16;B国防军51型机械化常备师 ;;;;;;;;;;X
MODEL_2_17;B国防军55型机械化常备师 ;;;;;;;;;;X
MODEL_2_18;R红军27型常备步兵师 ;;;;;;;;;;X
MODEL_2_19;R红军36型摩托化步兵师 ;;;;;;;;;;X
MODEL_2_20;R红军39型摩托化步兵师 ;;;;;;;;;;X
MODEL_2_21;R红军41型摩托化近卫步兵师 ;;;;;;;;;;X
MODEL_2_22;R红军43型摩托化近卫步兵师 ;;;;;;;;;;X
MODEL_2_23;R红军45型机械化近卫步兵师 ;;;;;;;;;;X
MODEL_2_24;R红军48型机械化近卫步兵师 ;;;;;;;;;;X
MODEL_2_25;R红军51型机械化近卫步兵师 ;;;;;;;;;;X
MODEL_2_26;R红军55型机械化近卫步兵师 ;;;;;;;;;;X
MODEL_2_27;B盟军27型常备步兵师 ;;;;;;;;;;X
MODEL_2_28;B盟军36型常备步兵师 ;;;;;;;;;;X
MODEL_2_29;B盟军39型常备步兵师 ;;;;;;;;;;X
MODEL_2_30;B盟军41型摩托化常备师 ;;;;;;;;;;X
MODEL_2_31;B盟军43型摩托化常备师 ;;;;;;;;;;X
MODEL_2_32;B盟军45型机械化常备师 ;;;;;;;;;;X
MODEL_2_33;B盟军48型机械化常备师 ;;;;;;;;;;X
MODEL_2_34;B盟军51型机械化常备师 ;;;;;;;;;;X
MODEL_2_35;G盟军55型机械化常备师 ;;;;;;;;;;X
MODEL_2_36;G一战常备步兵师 ;;;;;;;;;;X
MODEL_2_37;B国军27型中央军甲等师;;;;;;;;;;X
MODEL_2_38;B国军36型中央军甲等师;;;;;;;;;;X
MODEL_2_39;B国军39型中央军甲等师 ;;;;;;;;;;X
MODEL_2_40;B国军41型中央军甲等师 ;;;;;;;;;;X
MODEL_2_41;B国军43型摩托化中央军甲等师 ;;;;;;;;;;X
MODEL_2_42;B国军45型摩托化常备国防师 ;;;;;;;;;;X
MODEL_2_43;B国军48型机械化常备国防师 ;;;;;;;;;;X
MODEL_2_44;B国军51型机械化常备国防师 ;;;;;;;;;;X
MODEL_2_45;B国军55型机械化常备国防师 ;;;;;;;;;;X
MODEL_2_46;R工农红军主力师;;;;;;;;;;X
MODEL_2_47;R八路军36型野战师 ;;;;;;;;;;X
MODEL_2_48;R八路军39型野战师 ;;;;;;;;;;X
MODEL_2_49;R八路军41型野战师 ;;;;;;;;;;X
MODEL_2_50;R八路军43型摩托化野战师 ;;;;;;;;;;X
MODEL_2_51;R解放军45型摩托化野战师 ;;;;;;;;;;X
MODEL_2_52;R解放军48型机械化野战师 ;;;;;;;;;;X
MODEL_2_53;R解放军51型机械化野战师 ;;;;;;;;;;X
MODEL_2_54;R解放军55型机械化野战师 ;;;;;;;;;;X
MODEL_2_55;R日军27型甲种师团（旅团制） ;;;;;;;;;;X
MODEL_2_56;R日军36型甲种师团（旅团制） ;;;;;;;;;;X
MODEL_2_57;R日军39型甲种师团 ;;;;;;;;;;X
MODEL_2_58;R日军41型摩托化甲种师团 ;;;;;;;;;;X
MODEL_2_59;R日军43型摩托化甲种师团 ;;;;;;;;;;X
MODEL_2_60;R日军45型机械化甲种师团 ;;;;;;;;;;X
MODEL_2_61;R日军48型机械化甲种师团 ;;;;;;;;;;X
MODEL_2_62;R日军51型机械化甲种师团 ;;;;;;;;;;X
MODEL_2_63;R日军55型机械化甲种师团 ;;;;;;;;;;X
MODEL_3_0;B@GER党卫军41型装甲掷弹兵;;;;;;;;;;X
MODEL_3_1;B@GER党卫军43型装甲掷弹兵 ;;;;;;;;;;X
MODEL_3_2;B@GER党卫军45型装甲掷弹兵 ;;;;;;;;;;X
MODEL_3_3;B@GER党卫军48型装甲掷弹兵 ;;;;;;;;;;X
MODEL_3_4;B@GER党卫军51型装甲掷弹兵 ;;;;;;;;;;X
MODEL_3_5;B@GER党卫军55型装甲掷弹兵 ;;;;;;;;;;X
MODEL_3_6;R@SOV红军41型近卫机械化军 ;;;;;;;;;;X
MODEL_3_7;R@SOV红军43型近卫机械化军 ;;;;;;;;;;X
MODEL_3_8;R@SOV红军45型近卫机械化军 ;;;;;;;;;;X
MODEL_3_9;R@SOV红军48型近卫机械化军 ;;;;;;;;;;X
MODEL_3_10;R@SOV红军51型近卫机械化军 ;;;;;;;;;;X
MODEL_3_11;R@SOV红军55型近卫机械化军 ;;;;;;;;;;X
MODEL_3_12;B@USA盟军41型王牌机步师 ;;;;;;;;;;X
MODEL_3_13;B@USA盟军43型王牌机步师 ;;;;;;;;;;X
MODEL_3_14;B@USA盟军45型王牌机步师 ;;;;;;;;;;X
MODEL_3_15;B@USA盟军48型王牌机步师 ;;;;;;;;;;X
MODEL_3_16;B@USA盟军51型王牌机步师 ;;;;;;;;;;X
MODEL_3_17;B@USA盟军55型王牌机步师 ;;;;;;;;;;X
MODEL_3_18;B@18型王牌步兵 ;;;;;;;;;;X
MODEL_3_19;B@CHI国军36型军事委员会直属攻击军 ;;;;;;;;;;X
MODEL_3_20;B@CHI国军39型军事委员会直属攻击军 ;;;;;;;;;;X
MODEL_3_21;B@CHI国军41型军事委员会直属攻击军 ;;;;;;;;;;X
MODEL_3_22;B@CHI国军43型军事委员会直属攻击军 ;;;;;;;;;;X
MODEL_3_23;B@CHI国军45型军事委员会直属攻击军 ;;;;;;;;;;X
MODEL_3_24;B@CHI国军48型重装王牌攻击军 ;;;;;;;;;;X
MODEL_3_25;B@CHI国军51型重装王牌攻击军 ;;;;;;;;;;X
MODEL_3_26;B@CHI国军55型重装王牌攻击军 ;;;;;;;;;;X
MODEL_3_27;B@18型王牌步兵 ;;;;;;;;;;X
MODEL_3_28;R@CHC解放军45型主力野战师 ;;;;;;;;;;X
MODEL_3_29;R@CHC解放军48型主力野战师 ;;;;;;;;;;X
MODEL_3_30;R@CHC解放军51型主力野战师 ;;;;;;;;;;X
MODEL_3_31;R@CHC解放军55型主力野战师 ;;;;;;;;;;X
MODEL_3_32;B@18型王牌步兵 ;;;;;;;;;;X
MODEL_3_33;B@18型王牌步兵 ;;;;;;;;;;X
MODEL_3_34;B@18型王牌步兵 ;;;;;;;;;;X
MODEL_3_35;R@JAP日军27型常备师团（王牌） ;;;;;;;;;;X
MODEL_3_36;R@JAP日军36型常备师团（王牌） ;;;;;;;;;;X
MODEL_3_37;R@JAP日军39型常备师团（王牌） ;;;;;;;;;;X
MODEL_3_38;R@JAP日军41型常备师团（王牌） ;;;;;;;;;;X
MODEL_3_39;R@JAP日军43型常备师团（王牌） ;;;;;;;;;;X
MODEL_3_40;R@JAP日军45型常备师团（王牌） ;;;;;;;;;;X
MODEL_3_41;R@JAP日军48型常备师团（王牌） ;;;;;;;;;;X
MODEL_3_42;R@JAP日军51型常备师团（王牌） ;;;;;;;;;;X
MODEL_3_43;R@JAP日军55型常备师团（王牌） ;;;;;;;;;;X
MODEL_4_0;一战装甲师 ;;;;;;;;;;X
MODEL_4_1;早期装甲师 ;;;;;;;;;;X
MODEL_4_2;基本装甲师 ;;;;;;;;;;X
MODEL_4_3;B@GER国防军/党卫军39型王牌装甲师 ;;;;;;;;;;X
MODEL_4_4;B@GER国防军/党卫军41型王牌装甲师 ;;;;;;;;;;X
MODEL_4_5;B@GER国防军/党卫军43型王牌装甲师 ;;;;;;;;;;X
MODEL_4_6;B@GER国防军/党卫军45型王牌装甲师 ;;;;;;;;;;X
MODEL_4_7;B@GER国防军/党卫军48型王牌装甲师 ;;;;;;;;;;X
MODEL_4_8;B@GER国防军/党卫军51型王牌装甲师 ;;;;;;;;;;X
MODEL_4_9;B@GER国防军/党卫军55型王牌装甲师 ;;;;;;;;;;X
MODEL_4_10;R@SOV红军41型近卫坦克军 ;;;;;;;;;;X
MODEL_4_11;R@SOV红军43型近卫坦克军 ;;;;;;;;;;X
MODEL_4_12;R@SOV红军45型近卫坦克军 ;;;;;;;;;;X
MODEL_4_13;R@SOV红军48型近卫坦克军 ;;;;;;;;;;X
MODEL_4_14;R@SOV红军51型近卫坦克军 ;;;;;;;;;;X
MODEL_4_15;R@SOV红军55型近卫坦克军 ;;;;;;;;;;X
MODEL_4_16;B@USA盟军39型王牌装甲师 ;;;;;;;;;;X
MODEL_4_17;B@USA盟军41型王牌装甲师 ;;;;;;;;;;X
MODEL_4_18;B@USA盟军43型王牌装甲师 ;;;;;;;;;;X
MODEL_4_19;B@USA盟军45型王牌装甲师 ;;;;;;;;;;X
MODEL_4_20;B@USA盟军48型王牌装甲师 ;;;;;;;;;;X
MODEL_4_21;B@USA盟军51型王牌装甲师 ;;;;;;;;;;X
MODEL_4_22;B@USA盟军55型王牌装甲师 ;;;;;;;;;;X
MODEL_4_23;一战装甲师 ;;;;;;;;;;X
MODEL_4_24;R@JAP日军43型近卫战车师团 ;;;;;;;;;;X
MODEL_4_25;R@JAP日军45型近卫战车师团 ;;;;;;;;;;X
MODEL_4_26;R@JAP日军48型近卫战车师团 ;;;;;;;;;;X
MODEL_4_27;R@JAP日军51型近卫战车师团 ;;;;;;;;;;X
MODEL_4_28;R@JAP日军55型近卫战车师团 ;;;;;;;;;;X
MODEL_4_29;R@JAP日军55型近卫战车师团 ;;;;;;;;;;X
MODEL_4_30;B@CHI国军43型甲等装甲师 ;;;;;;;;;;X
MODEL_4_31;B@CHI国军45型甲等装甲师 ;;;;;;;;;;X
MODEL_4_32;B@CHI国军48型甲等装甲师 ;;;;;;;;;;X
MODEL_4_33;B@CHI国军51型甲等装甲师 ;;;;;;;;;;X
MODEL_4_34;B@CHI国军55型甲等装甲师 ;;;;;;;;;;X
MODEL_4_44;R@CHC解放军45型主力装甲师 ;;;;;;;;;;X
MODEL_4_45;R@CHC解放军48型主力装甲师 ;;;;;;;;;;X
MODEL_4_46;R@CHC解放军51型主力装甲师 ;;;;;;;;;;X
MODEL_4_47;R@CHC解放军55型主力装甲师 ;;;;;;;;;;X
MODEL_5_0;一战装甲师 ;;;;;;;;;;X
MODEL_5_1;早期装甲师 ;;;;;;;;;;X
MODEL_5_2;基本装甲师 ;;;;;;;;;;X
MODEL_5_3;改良装甲师 ;;;;;;;;;;X
MODEL_5_4;先进装甲师 ;;;;;;;;;;X
MODEL_5_5;准现代装甲师 ;;;;;;;;;;X
MODEL_5_6;前冷战装甲师 ;;;;;;;;;;X
MODEL_5_7;冷战装甲师 ;;;;;;;;;;X
MODEL_jap_5_0;一战战车旅团 ;;;;;;;;;;X
MODEL_jap_5_1;早期战车旅团 ;;;;;;;;;;X
MODEL_jap_5_2;基本战车师团 ;;;;;;;;;;X
MODEL_jap_5_3;改良战车师团 ;;;;;;;;;;X
MODEL_jap_5_4;先进战车师团 ;;;;;;;;;;X
MODEL_jap_5_5;准现代战车师团 ;;;;;;;;;;X
MODEL_jap_5_6;前冷战战车师团 ;;;;;;;;;;X
MODEL_jap_5_7;冷战战车师团 ;;;;;;;;;;X
MODEL_5_8;一战装甲师 ;;;;;;;;;;X
MODEL_5_9;一战国防军装甲师 ;;;;;;;;;;X
MODEL_5_10;早期国防军装甲师 ;;;;;;;;;;X
MODEL_5_11;基本国防军装甲师 ;;;;;;;;;;X
MODEL_5_12;改良国防军装甲师 ;;;;;;;;;;X
MODEL_5_13;先进国防军装甲师 ;;;;;;;;;;X
MODEL_5_14;准现代国防军装甲师 ;;;;;;;;;;X
MODEL_5_15;前冷战国防军装甲师 ;;;;;;;;;;X
MODEL_5_16;冷战国防军装甲师 ;;;;;;;;;;X
MODEL_5_17;一战装甲师 ;;;;;;;;;;X
MODEL_5_18;一战红军坦克军 ;;;;;;;;;;X
MODEL_5_19;早期红军坦克军 ;;;;;;;;;;X
MODEL_5_20;基本红军坦克军 ;;;;;;;;;;X
MODEL_5_21;改良红军坦克军 ;;;;;;;;;;X
MODEL_5_22;先进红军坦克军 ;;;;;;;;;;X
MODEL_5_23;准现代红军坦克军 ;;;;;;;;;;X
MODEL_5_24;前冷战红军坦克军 ;;;;;;;;;;X
MODEL_5_25;冷战红军坦克军 ;;;;;;;;;;X
MODEL_5_26;一战装甲师 ;;;;;;;;;;X
MODEL_5_27;一战盟军装甲师 ;;;;;;;;;;X
MODEL_5_28;早期盟军装甲师 ;;;;;;;;;;X
MODEL_5_29;基本盟军装甲师 ;;;;;;;;;;X
MODEL_5_30;改良盟军装甲师 ;;;;;;;;;;X
MODEL_5_31;先进盟军装甲师 ;;;;;;;;;;X
MODEL_5_32;准现代盟军装甲师 ;;;;;;;;;;X
MODEL_5_33;前冷战盟军装甲师 ;;;;;;;;;;X
MODEL_5_34;冷战盟军装甲师 ;;;;;;;;;;X
MODEL_6_2;42型空降师 ;;;;;;;;;;X
MODEL_6_3;44型空降师 ;;;;;;;;;;X
MODEL_6_4;47型空降师 ;;;;;;;;;;X
MODEL_6_5;51型机降师 ;;;;;;;;;;X
MODEL_6_6;55型机降师 ;;;;;;;;;;X
MODEL_jap_6_2;42型滑空步兵旅团 ;;;;;;;;;;X
MODEL_jap_6_3;44型滑空步兵旅团 ;;;;;;;;;;X
MODEL_jap_6_4;47型滑空步兵旅团 ;;;;;;;;;;X
MODEL_jap_6_5;51型机降旅团 ;;;;;;;;;;X
MODEL_jap_6_6;55型机降旅团 ;;;;;;;;;;X
MODEL_6_7;美军39型空降师 ;;;;;;;;;;X
MODEL_6_8;美军40型空降师 ;;;;;;;;;;X
MODEL_6_9;美军42型空降师 ;;;;;;;;;;X
MODEL_6_10;美军44型空降师 ;;;;;;;;;;X
MODEL_6_11;美军47型空降师 ;;;;;;;;;;X
MODEL_6_12;美军51型空中突击师 ;;;;;;;;;;X
MODEL_6_13;美军55型空中突击师 ;;;;;;;;;;X
MODEL_7_0;一战军舰陆战队 ;;;;;;;;;;X
MODEL_7_1;27型陆战队 ;;;;;;;;;;X
MODEL_7_2;36型陆战队 ;;;;;;;;;;X
MODEL_7_3;38型海军陆战师 ;;;;;;;;;;X
MODEL_7_4;44型海军陆战师 ;;;;;;;;;;X
MODEL_7_5;47型海军陆战师 ;;;;;;;;;;X
MODEL_7_6;51型海军陆战师 ;;;;;;;;;;X
MODEL_7_7;55型海军陆战师 ;;;;;;;;;;X
MODEL_jap_7_3;38型特别海军陆战队（SNLF） ;;;;;;;;;;X
MODEL_jap_7_4;44型特别海军陆战队（SNLF） ;;;;;;;;;;X
MODEL_jap_7_5;47型特别海军陆战队（SNLF） ;;;;;;;;;;X
MODEL_jap_7_6;51型特别海军陆战队（SNLF） ;;;;;;;;;;X
MODEL_jap_7_7;55型特别海军陆战队（SNLF） ;;;;;;;;;;X
MODEL_7_8;美军一战陆战旅 ;;;;;;;;;;X
MODEL_7_9;美军38型陆战师 ;;;;;;;;;;X
MODEL_7_10;美军40型陆战师 ;;;;;;;;;;X
MODEL_7_11;美军42型陆战师 ;;;;;;;;;;X
MODEL_7_12;美军44型陆战师 ;;;;;;;;;;X
MODEL_7_13;美军47型陆战师 ;;;;;;;;;;X
MODEL_7_14;美军51型陆战师 ;;;;;;;;;;X
MODEL_7_15;美军55型陆战师 ;;;;;;;;;;X
MODEL_8_0;18型山地师 ;;;;;;;;;;X
MODEL_8_1;27型山地师 ;;;;;;;;;;X
MODEL_8_2;36型山地师 ;;;;;;;;;;X
MODEL_8_3;43型山地师 ;;;;;;;;;;X
MODEL_8_4;45型山地师 ;;;;;;;;;;X
MODEL_8_5;48型山地师 ;;;;;;;;;;X
MODEL_8_6;51型山地师 ;;;;;;;;;;X
MODEL_8_7;55型山地师 ;;;;;;;;;;X
MODEL_jap_8_0;37型山地师团 ;;;;;;;;;;X
MODEL_jap_8_1;39型山地师团 ;;;;;;;;;;X
MODEL_jap_8_2;41型山地师团 ;;;;;;;;;;X
MODEL_jap_8_3;43型山地师团 ;;;;;;;;;;X
MODEL_jap_8_4;45型山地师团 ;;;;;;;;;;X
MODEL_jap_8_5;48型山地师团 ;;;;;;;;;;X
MODEL_jap_8_6;51型山地师团 ;;;;;;;;;;X
MODEL_jap_8_7;55型山地师团 ;;;;;;;;;;X
MODEL_8_8;国防军37型山地师 ;;;;;;;;;;X
MODEL_8_9;国防军39型山地师 ;;;;;;;;;;X
MODEL_8_10;国防军41型山地师 ;;;;;;;;;;X
MODEL_8_11;国防军43型山地师 ;;;;;;;;;;X
MODEL_8_12;国防军45型山地师 ;;;;;;;;;;X
MODEL_8_13;国防军48型山地师 ;;;;;;;;;;X
MODEL_8_14;国防军51型山地师 ;;;;;;;;;;X
MODEL_8_15;国防军55型山地师 ;;;;;;;;;;X
MODEL_8_16;阿尔卑斯（ALPS）37型山地师 ;;;;;;;;;;X
MODEL_8_17;阿尔卑斯（ALPS）39型山地师 ;;;;;;;;;;X
MODEL_8_18;阿尔卑斯（ALPS）41型山地师 ;;;;;;;;;;X
MODEL_8_19;阿尔卑斯（ALPS）43型山地师 ;;;;;;;;;;X
MODEL_8_20;阿尔卑斯（ALPS）45型山地师 ;;;;;;;;;;X
MODEL_8_21;阿尔卑斯（ALPS）48型山地师 ;;;;;;;;;;X
MODEL_8_22;阿尔卑斯（ALPS）51型山地师 ;;;;;;;;;;X
MODEL_8_23;阿尔卑斯（ALPS）55型山地师 ;;;;;;;;;;X
MODEL_9_0;土木筑垒要塞师 ;;;;;;;;;;X
MODEL_9_1;石木筑垒要塞师 ;;;;;;;;;;X
MODEL_9_2;混合筑垒群要塞师 ;;;;;;;;;;X
MODEL_9_3;混凝土要塞群守备师 ;;;;;;;;;;X
MODEL_9_4;现代混凝土复合要塞群守备师 ;;;;;;;;;;X
MODEL_jap_9_0;土木筑垒要塞守备师团 ;;;;;;;;;;X
MODEL_jap_9_1;石木筑垒要塞守备师团 ;;;;;;;;;;X
MODEL_jap_9_2;混合筑垒群要塞守备师团 ;;;;;;;;;;X
MODEL_jap_9_3;混凝土要塞群守备师团 ;;;;;;;;;;X
MODEL_jap_9_4;现代混凝土复合要塞群守备师团 ;;;;;;;;;;X
MODEL_9_8;坚城卫戍 ;;;;;;;;;;X
MODEL_10_0;20型指挥部 ;;;;;;;;;;X
MODEL_10_1;24型指挥部 ;;;;;;;;;;X
MODEL_10_2;27型指挥部 ;;;;;;;;;;X
MODEL_10_3;30型指挥部 ;;;;;;;;;;X
MODEL_10_4;36型指挥部 ;;;;;;;;;;X
MODEL_11_0;清末保安F;;;;;;;;;;X
MODEL_11_1;10型保安F ;;;;;;;;;;X
MODEL_11_2;18型保安F;;;;;;;;;;X
MODEL_11_3;26型动员师;;;;;;;;;;X
MODEL_11_4;31型动员师 ;;;;;;;;;;X
MODEL_11_8;55型预备役师 ;;;;;;;;;;X
MODEL_jap_11_0;一战型警备师团 ;;;;;;;;;;X
MODEL_jap_11_1;36型警备师团 ;;;;;;;;;;X
MODEL_jap_11_2;39型警备师团 ;;;;;;;;;;X
MODEL_jap_11_3;45型警备师团 ;;;;;;;;;;X
MODEL_jap_11_4;51型预备役师团 ;;;;;;;;;;X
MODEL_jap_11_8;55型预备役师团 ;;;;;;;;;;X
MODEL_eng_11_0;一战型殖民地师 ;;;;;;;;;;X
MODEL_eng_11_1;36型殖民地师 ;;;;;;;;;;X
MODEL_eng_11_2;39型殖民地师 ;;;;;;;;;;X
MODEL_eng_11_3;45型殖民地师 ;;;;;;;;;;X
MODEL_eng_11_4;51型外国志愿师 ;;;;;;;;;;X
MODEL_eng_11_8;55型外国志愿师 ;;;;;;;;;;X
MODEL_fra_11_0;一战型殖民地师 ;;;;;;;;;;X
MODEL_fra_11_1;36型殖民地师 ;;;;;;;;;;X
MODEL_fra_11_2;39型殖民地师 ;;;;;;;;;;X
MODEL_fra_11_3;45型殖民地师 ;;;;;;;;;;X
MODEL_fra_11_4;51型外国志愿师 ;;;;;;;;;;X
MODEL_fra_11_8;55型外国志愿师 ;;;;;;;;;;X
MODEL_11_9;国军一战型简编师 ;;;;;;;;;;X
MODEL_11_10;国军36型简编师 ;;;;;;;;;;X
MODEL_11_11;国军39型简编师 ;;;;;;;;;;X
MODEL_11_12;国军41型简编师 ;;;;;;;;;;X
MODEL_11_13;国军43型简编师 ;;;;;;;;;;X
MODEL_11_14;国军45型简编师 ;;;;;;;;;;X
MODEL_11_15;国军48型预备役师 ;;;;;;;;;;X
MODEL_11_16;国军51型预备役师 ;;;;;;;;;;X
MODEL_11_17;国军55型预备役师 ;;;;;;;;;;X
MODEL_11_18;工农红军地方游击队 ;;;;;;;;;;X
MODEL_11_19;八路军36型游击纵队 ;;;;;;;;;;X
MODEL_11_20;八路军39型游击纵队 ;;;;;;;;;;X
MODEL_11_21;八路军41型游击纵队 ;;;;;;;;;;X
MODEL_11_22;八路军43型游击纵队 ;;;;;;;;;;X
MODEL_11_23;解放军45型独立纵队 ;;;;;;;;;;X
MODEL_11_24;解放军48型公安纵队 ;;;;;;;;;;X
MODEL_11_25;解放军51型公安军 ;;;;;;;;;;X
MODEL_11_26;解放军55型公安军 ;;;;;;;;;;X
MODEL_12_0;基本战斗机 ;;;;;;;;;;X
MODEL_12_1;改良战斗机 ;;;;;;;;;;X
MODEL_12_2;先进战斗机 ;;;;;;;;;;X
MODEL_12_3;基本喷气式战斗机 ;;;;;;;;;;X
MODEL_12_4;改良喷气式战斗机 ;;;;;;;;;;X
MODEL_13_0;非武装侦察机;;;;;;;;;;X
MODEL_13_1;1914型战斗机;;;;;;;;;;X
MODEL_13_2;1915型战斗机;;;;;;;;;;X
MODEL_13_3;1916型战斗机;;;;;;;;;;X
MODEL_13_4;1917型战斗机;;;;;;;;;;X
MODEL_13_5;1918型战斗机;;;;;;;;;;X
MODEL_13_6;一战后截击机;;;;;;;;;;X
MODEL_13_7;早期截击机;;;;;;;;;;X
MODEL_13_8;基础截击机;;;;;;;;;;X
MODEL_14_0;基本战略轰炸机 ;;;;;;;;;;X
MODEL_14_1;改良战略轰炸机 ;;;;;;;;;;X
MODEL_14_2;先进战略轰炸机 ;;;;;;;;;;X
MODEL_14_3;喷气式战略轰炸机 ;;;;;;;;;;X
MODEL_14_4;改良喷气式战略轰炸机 ;;;;;;;;;;X
MODEL_15_0;战前战术轰炸机 ;;;;;;;;;;X
MODEL_15_1;早期战术轰炸机 ;;;;;;;;;;X
MODEL_15_2;基本战术轰炸机 ;;;;;;;;;;X
MODEL_15_3;改良战术轰炸机 ;;;;;;;;;;X
MODEL_15_4;先进战术轰炸机 ;;;;;;;;;;X
MODEL_15_5;喷气式战术轰炸机 ;;;;;;;;;;X
MODEL_15_6;改良喷气式战术轰炸机 ;;;;;;;;;;X
MODEL_16_0;基本海军轰炸机 ;;;;;;;;;;X
MODEL_16_1;改良海军轰炸机 ;;;;;;;;;;X
MODEL_16_2;先进海军轰炸机 ;;;;;;;;;;X
MODEL_16_3;喷气式海军轰炸机 ;;;;;;;;;;X
MODEL_16_4;改良喷气式海军轰炸机 ;;;;;;;;;;X
MODEL_17_0;基本俯冲轰炸机 ;;;;;;;;;;X
MODEL_17_1;改良俯冲轰炸机 ;;;;;;;;;;X
MODEL_17_2;先进俯冲轰炸机 ;;;;;;;;;;X
MODEL_17_3;喷气式俯冲轰炸机 ;;;;;;;;;;X
MODEL_17_4;改良喷气式俯冲轰炸机 ;;;;;;;;;;X
MODEL_17_5;空对地导弹俯冲轰炸机 ;;;;;;;;;;X
MODEL_18_0;基本运输机 ;;;;;;;;;;X
MODEL_18_1;改良运输机 ;;;;;;;;;;X
MODEL_18_2;先进运输机 ;;;;;;;;;;X
MODEL_18_3;准现代运输机 ;;;;;;;;;;X
MODEL_18_4;现代运输机 ;;;;;;;;;;X
MODEL_19_0;飞弹 ;;;;;;;;;;X
MODEL_20_0;早期炮 ;;;;;;;;;;X
MODEL_20_1;一鹪缙谂谂;;;;;;;;;;X
MODEL_20_2;一疳崞谂谂;;;;;;;;;;X
MODEL_21_0;一战战列舰 ;;;;;;;;;;X
MODEL_21_1;条约型战列舰 ;;;;;;;;;;X
MODEL_21_2;后条约战列舰 ;;;;;;;;;;X
MODEL_21_3;二战战列舰 ;;;;;;;;;;X
MODEL_21_4;准现代战列舰 ;;;;;;;;;;X
MODEL_21_5;超重型战列舰 ;;;;;;;;;;X
MODEL_21_6;超重装甲战列舰 ;;;;;;;;;;X
MODEL_21_7;超重巨炮战列舰 ;;;;;;;;;;X
MODEL_21_8;冷战战列舰 ;;;;;;;;;;X
MODEL_22_0;一战轻巡洋舰 ;;;;;;;;;;X
MODEL_22_1;条约型轻巡洋舰 ;;;;;;;;;;X
MODEL_22_2;后条约型轻巡洋舰 ;;;;;;;;;;X
MODEL_22_3;二战轻巡洋舰 ;;;;;;;;;;X
MODEL_22_4;准现代轻巡洋舰 ;;;;;;;;;;X
MODEL_22_5;现代轻巡洋舰 ;;;;;;;;;;X
MODEL_23_0;一战重巡洋舰 ;;;;;;;;;;X
MODEL_23_1;条约型重巡洋舰 ;;;;;;;;;;X
MODEL_23_2;后条约型重巡洋舰 ;;;;;;;;;;X
MODEL_23_3;二战重巡洋舰 ;;;;;;;;;;X
MODEL_23_4;准现代重巡洋舰 ;;;;;;;;;;X
MODEL_23_5;现代重巡洋舰 ;;;;;;;;;;X
MODEL_24_0;一战战列巡洋舰 ;;;;;;;;;;X
MODEL_24_1;条约型战列巡洋舰 ;;;;;;;;;;X
MODEL_24_2;后条约型战列巡洋舰 ;;;;;;;;;;X
MODEL_24_3;二战战列巡洋舰 ;;;;;;;;;;X
MODEL_24_4;准现代战列巡洋舰 ;;;;;;;;;;X
MODEL_24_5;现代战列巡洋舰 ;;;;;;;;;;X
MODEL_25_0;早期驱逐舰 ;;;;;;;;;;X
MODEL_25_1;一战驱逐舰 ;;;;;;;;;;X
MODEL_25_2;条约型驱逐舰 ;;;;;;;;;;X
MODEL_25_3;后条约型驱逐舰;;;;;;;;;;X
MODEL_25_4;二战驱逐舰 ;;;;;;;;;;X
MODEL_25_5;准现代驱逐舰 ;;;;;;;;;;X
MODEL_26_0;一战航母 ;;;;;;;;;;X
MODEL_26_1;条约型航母 ;;;;;;;;;;X
MODEL_26_2;后条约型航母 ;;;;;;;;;;X
MODEL_26_3;二战航母 ;;;;;;;;;;X
MODEL_26_4;二战重型航母 ;;;;;;;;;;X
MODEL_26_5;二战超重型航母 ;;;;;;;;;;X
MODEL_26_6;准现代航母 ;;;;;;;;;;X
MODEL_26_7;现代航母 ;;;;;;;;;;X
MODEL_26_8;核动力航母 ;;;;;;;;;;X
MODEL_27_0;基础轻型航母 ;;;;;;;;;;X
MODEL_27_1;改良轻型航母 ;;;;;;;;;;X
MODEL_27_2;先进轻型航母 ;;;;;;;;;;X
MODEL_27_3;准现代轻型航母 ;;;;;;;;;;X
MODEL_27_4;现代轻型航母 ;;;;;;;;;;X
MODEL_28_0;早期潜艇 ;;;;;;;;;;X
MODEL_28_1;近海潜艇 ;;;;;;;;;;X
MODEL_28_2;中程潜艇 ;;;;;;;;;;X
MODEL_28_3;远程潜艇 ;;;;;;;;;;X
MODEL_28_4;电力潜艇 ;;;;;;;;;;X
MODEL_28_5;准现代潜艇 ;;;;;;;;;;X
MODEL_28_6;核动力潜艇 ;;;;;;;;;;X
MODEL_28_7;远程重型潜艇 ;;;;;;;;;;X
MODEL_29_0;早期~雷艇;;;;;;;;;;X
MODEL_30_0;运输舰 ;;;;;;;;;;X
MODEL_30_1;基本登陆舰 ;;;;;;;;;;X
MODEL_30_2;改良登陆舰 ;;;;;;;;;;X
MODEL_30_3;先进登陆舰 ;;;;;;;;;;X
;;;;;;;;;;;X
BRIG_MODEL_0_0;无加强团 ;;;;;;;;;;X
BRIG_MODEL_1_0;早期炮兵I;;;;;;;;;;X
BRIG_MODEL_1_1;一战轻型炮兵I;;;;;;;;;;X
BRIG_MODEL_1_2;一战中型炮兵I;;;;;;;;;;X
BRIG_MODEL_1_3;基本炮兵I;;;;;;;;;;X
BRIG_MODEL_1_4;改良炮兵I;;;;;;;;;;X
BRIG_MODEL_1_5;先进炮兵I ;;;;;;;;;;X
BRIG_MODEL_1_6;准现代炮兵加强团 ;;;;;;;;;;X
BRIG_MODEL_1_7;现代炮兵加强团 ;;;;;;;;;;X
BRIG_MODEL_2_0;进口自行火炮I;;;;;;;;;;X
BRIG_MODEL_2_1;早期自行火炮I;;;;;;;;;;X
BRIG_MODEL_2_2;基本自行火炮I;;;;;;;;;;X
BRIG_MODEL_2_3;改良自行火炮I;;;;;;;;;;X
BRIG_MODEL_2_4;先进自行火炮加强团 ;;;;;;;;;;X
BRIG_MODEL_2_5;准现代自行火炮加强团 ;;;;;;;;;;X
BRIG_MODEL_2_6;现代自行火炮加强团 ;;;;;;;;;;X
BRIG_MODEL_3_0;进口火箭炮I;;;;;;;;;;X
BRIG_MODEL_3_1;基本火箭炮I;;;;;;;;;;X
BRIG_MODEL_3_2;改良火箭炮I;;;;;;;;;;X
BRIG_MODEL_3_3;先进火箭炮I;;;;;;;;;;X
BRIG_MODEL_3_4;准现代火箭炮I;;;;;;;;;;X
BRIG_MODEL_3_5;现代火箭炮I;;;;;;;;;;X
BRIG_MODEL_4_0;进口自行火箭炮I;;;;;;;;;;X
BRIG_MODEL_4_1;基本自行火箭炮I;;;;;;;;;;X
BRIG_MODEL_4_2;改良自行火箭炮I;;;;;;;;;;X
BRIG_MODEL_4_3;先进自行火箭炮I;;;;;;;;;;X
BRIG_MODEL_4_4;准现代自行火箭炮I;;;;;;;;;;X
BRIG_MODEL_4_5;现代自行火箭炮加强团 ;;;;;;;;;;X
BRIG_MODEL_5_0;早期反坦克炮I;;;;;;;;;;X
BRIG_MODEL_5_1;基本反坦克炮I;;;;;;;;;;X
BRIG_MODEL_5_2;改良反坦克炮I;;;;;;;;;;X
BRIG_MODEL_5_3;先进反坦克炮I;;;;;;;;;;X
BRIG_MODEL_5_4;准现代反坦克炮加强团 ;;;;;;;;;;X
BRIG_MODEL_5_5;现代反坦克炮加强团 ;;;;;;;;;;X
BRIG_MODEL_6_0;b甲列车I;;;;;;;;;;X
BRIG_MODEL_6_6;现代坦克歼击车加强团 ;;;;;;;;;;X
BRIG_MODEL_7_0;一战轻型装甲I;;;;;;;;;;X
BRIG_MODEL_7_1;早期轻型装甲加强团 ;;;;;;;;;;X
BRIG_MODEL_7_2;基本轻型装甲加强团 ;;;;;;;;;;X
BRIG_MODEL_7_3;改良轻型装甲加强团 ;;;;;;;;;;X
BRIG_MODEL_7_4;先进轻型装甲加强团 ;;;;;;;;;;X
BRIG_MODEL_7_5;准现代轻型装甲加强团 ;;;;;;;;;;X
BRIG_MODEL_7_6;现代轻型装甲加强团 ;;;;;;;;;;X
BRIG_MODEL_7_7;冷战轻型装甲加强团 ;;;;;;;;;;X
BRIG_MODEL_8_0;一鹦洼pC枪加强团 ;;;;;;;;;;X
BRIG_MODEL_8_1;24型pC枪加强团;;;;;;;;;;X
BRIG_MODEL_8_2;27型pC枪加强团;;;;;;;;;;X
BRIG_MODEL_8_3;30型pC枪加强团;;;;;;;;;;X
BRIG_MODEL_8_4;34型pC枪加强团;;;;;;;;;;X
BRIG_MODEL_9_0;一鹦椭C枪加强团 ;;;;;;;;;;X
BRIG_MODEL_9_1;24型重C枪加强团 ;;;;;;;;;;X
BRIG_MODEL_9_2;27型重C枪加强团 ;;;;;;;;;;X
BRIG_MODEL_9_3;30型重C枪加强团 ;;;;;;;;;;X
BRIG_MODEL_9_4;34型重C枪加强团 ;;;;;;;;;;X
BRIG_MODEL_10_0;一战装甲车I;;;;;;;;;;X
BRIG_MODEL_10_2;早期装甲车加强团 ;;;;;;;;;;X
BRIG_MODEL_10_3;改良装甲车加强团 ;;;;;;;;;;X
BRIG_MODEL_10_4;先进装甲车加强团 ;;;;;;;;;;X
BRIG_MODEL_10_5;准现代装甲车加强团 ;;;;;;;;;;X
BRIG_MODEL_10_6;现代装甲车加强团 ;;;;;;;;;;X
BRIG_MODEL_11_0;一战高炮I;;;;;;;;;;X
BRIG_MODEL_11_1;早期高炮I;;;;;;;;;;X
BRIG_MODEL_11_2;基本高炮I;;;;;;;;;;X
BRIG_MODEL_11_3;改良高炮I;;;;;;;;;;X
BRIG_MODEL_11_4;先进高炮I;;;;;;;;;;X
BRIG_MODEL_11_5;准现代高炮I;;;;;;;;;;X
BRIG_MODEL_11_6;现代高炮加强团 ;;;;;;;;;;X
BRIG_MODEL_12_0;一战宪兵I;;;;;;;;;;X
BRIG_MODEL_12_1;早期宪兵I;;;;;;;;;;X
BRIG_MODEL_12_2;基本宪兵I;;;;;;;;;;X
BRIG_MODEL_12_3;改良宪兵I;;;;;;;;;;X
BRIG_MODEL_12_5;准现代宪兵加强团 ;;;;;;;;;;X
BRIG_MODEL_12_6;现代宪兵加强团 ;;;;;;;;;;X
BRIG_MODEL_12_7;冷战宪兵加强团 ;;;;;;;;;;X
BRIG_MODEL_12_8;冷战改良宪兵加强团 ;;;;;;;;;;X
BRIG_MODEL_CHC_12_0;一战教导团 ;;;;;;;;;;X
BRIG_MODEL_CHC_12_1;早期教导团 ;;;;;;;;;;X
BRIG_MODEL_CHC_12_2;基本教导团 ;;;;;;;;;;X
BRIG_MODEL_CHC_12_3;改良教导团 ;;;;;;;;;;X
BRIG_MODEL_CHC_12_5;准现代教导团 ;;;;;;;;;;X
BRIG_MODEL_CHC_12_6;现代教导团 ;;;;;;;;;;X
BRIG_MODEL_CHC_12_7;冷战教导团 ;;;;;;;;;;X
BRIG_MODEL_SOV_12_0;一战教导团 ;;;;;;;;;;X
BRIG_MODEL_SOV_12_1;早期教导团 ;;;;;;;;;;X
BRIG_MODEL_SOV_12_2;基本教导团 ;;;;;;;;;;X
BRIG_MODEL_SOV_12_3;改良教导团 ;;;;;;;;;;X
BRIG_MODEL_SOV_12_5;准现代教导团 ;;;;;;;;;;X
BRIG_MODEL_SOV_12_6;现代教导团 ;;;;;;;;;;X
BRIG_MODEL_SOV_12_7;冷战教导团 ;;;;;;;;;;X
BRIG_MODEL_13_0;早期工兵I;;;;;;;;;;X
BRIG_MODEL_13_2;早期工兵团 ;;;;;;;;;;X
BRIG_MODEL_13_3;改良工兵团 ;;;;;;;;;;X
BRIG_MODEL_13_4;先进工兵团 ;;;;;;;;;;X
BRIG_MODEL_13_5;准现代工兵团 ;;;;;;;;;;X
BRIG_MODEL_13_6;现代工兵团 ;;;;;;;;;;X
BRIG_MODEL_13_7;冷战工兵团 ;;;;;;;;;;X
BRIG_MODEL_14_0;早期舰载机中队 ;;;;;;;;;;X
BRIG_MODEL_14_1;基本舰载机中队 ;;;;;;;;;;X
BRIG_MODEL_14_2;改良舰载机中队 ;;;;;;;;;;X
BRIG_MODEL_14_3;先进舰载机中队 ;;;;;;;;;;X
BRIG_MODEL_14_4;喷气式舰载机中队 ;;;;;;;;;;X
BRIG_MODEL_14_5;改良喷气式舰载机中队 ;;;;;;;;;;X
BRIG_MODEL_15_0;基本护航机中队 ;;;;;;;;;;X
BRIG_MODEL_15_1;改良护航机中队 ;;;;;;;;;;X
BRIG_MODEL_15_2;先进护航机中队 ;;;;;;;;;;X
BRIG_MODEL_15_3;涡轮喷气护航机中队 ;;;;;;;;;;X
BRIG_MODEL_15_4;改良涡轮喷气护航机中队 ;;;;;;;;;;X
BRIG_MODEL_15_5;超音速护航机中队 ;;;;;;;;;;X
BRIG_MODEL_15_6;改良超音速护航战斗机 ;;;;;;;;;;X
BRIG_MODEL_16_0;早期被动式声纳 ;;;;;;;;;;X
BRIG_MODEL_16_1;主被动结合声纳 ;;;;;;;;;;X
BRIG_MODEL_16_2;声纳浮标 ;;;;;;;;;;X
BRIG_MODEL_16_3;拖曳式声纳 ;;;;;;;;;;X
BRIG_MODEL_17_0;一战20MM防空机关炮 ;;;;;;;;;;X
BRIG_MODEL_17_1;条约37MM防空机关炮 ;;;;;;;;;;X
BRIG_MODEL_17_2;后条约80MM联装高射炮 ;;;;;;;;;;X
BRIG_MODEL_17_3;二战防空系统 ;;;;;;;;;;X
BRIG_MODEL_17_4;现代密集阵列导弹防空 ;;;;;;;;;;X
BRIG_MODEL_18_0;36脉冲雷达组 ;;;;;;;;;;X
BRIG_MODEL_18_1;38长波雷达组 ;;;;;;;;;;X
BRIG_MODEL_18_2;40微波雷达组 ;;;;;;;;;;X
BRIG_MODEL_18_3;改进厘米波雷达组 ;;;;;;;;;;X
BRIG_MODEL_18_4;先进厘米吧雷达组 ;;;;;;;;;;X
BRIG_MODEL_18_5;一维电扫描雷达组 ;;;;;;;;;;X
BRIG_MODEL_19_0;射击控制装置 ;;;;;;;;;;X
BRIG_MODEL_19_1;机械模拟指挥仪 ;;;;;;;;;;X
BRIG_MODEL_19_2;机电模拟指挥仪 ;;;;;;;;;;X
BRIG_MODEL_19_3;数字合成指挥仪 ;;;;;;;;;;X
BRIG_MODEL_19_4;现代火控原型 ;;;;;;;;;;X
BRIG_MODEL_20_0;A型辅助舰改良船体 ;;;;;;;;;;X
BRIG_MODEL_20_1;B型辅助舰改良船体 ;;;;;;;;;;X
BRIG_MODEL_21_0;电动鱼雷装置 ;;;;;;;;;;X
BRIG_MODEL_21_1;被动声自导电动鱼雷装置 ;;;;;;;;;;X
BRIG_MODEL_21_2;早期线导电动鱼雷装置 ;;;;;;;;;;X
BRIG_MODEL_21_3;主动声自导电动鱼雷装置 ;;;;;;;;;;X
BRIG_MODEL_22_0;一战80MM联装高射炮 ;;;;;;;;;;X
BRIG_MODEL_22_1;条约型100MM联装高射炮 ;;;;;;;;;;X
BRIG_MODEL_22_2;后条约型127MM联装高射炮 ;;;;;;;;;;X
BRIG_MODEL_22_3;二战主力舰防空系统 ;;;;;;;;;;X
BRIG_MODEL_22_4;现代密集阵列防空导弹系统 ;;;;;;;;;;X
BRIG_MODEL_23_0;36脉冲雷达组 ;;;;;;;;;;X
BRIG_MODEL_23_1;38长波雷达组 ;;;;;;;;;;X
BRIG_MODEL_23_2;40微波雷达组 ;;;;;;;;;;X
BRIG_MODEL_23_3;改进厘米波雷达组 ;;;;;;;;;;X
BRIG_MODEL_23_4;先进厘米吧雷达组 ;;;;;;;;;;X
BRIG_MODEL_23_5;一维电扫描雷达组 ;;;;;;;;;;X
BRIG_MODEL_24_0;射击控制装置 ;;;;;;;;;;X
BRIG_MODEL_24_1;机械模拟指挥仪 ;;;;;;;;;;X
BRIG_MODEL_24_2;机电模拟指挥仪 ;;;;;;;;;;X
BRIG_MODEL_24_3;数字合成指挥仪 ;;;;;;;;;;X
BRIG_MODEL_24_4;现代火控原型 ;;;;;;;;;;X
BRIG_MODEL_25_0;超重型复合装甲 ;;;;;;;;;;X
BRIG_MODEL_26_0;热动力鱼雷装置 ;;;;;;;;;;X
BRIG_MODEL_26_1;氧气鱼雷装置 ;;;;;;;;;;X
BRIG_MODEL_26_2;先进热动力鱼雷装置 ;;;;;;;;;;X
BRIG_MODEL_26_3;被动声自导热动力鱼雷装置 ;;;;;;;;;;X
BRIG_MODEL_26_4;早期线导热动力鱼雷装置 ;;;;;;;;;;X
BRIG_MODEL_26_5;主动声自导热动力鱼雷装置 ;;;;;;;;;;X
BRIG_MODEL_27_0;基本水雷 ;;;;;;;;;;X
BRIG_MODEL_27_1;改良水雷 ;;;;;;;;;;X
BRIG_MODEL_28_0;127MM单装副炮 ;;;;;;;;;;X
BRIG_MODEL_28_1;127MM双联装副炮 ;;;;;;;;;;X
BRIG_MODEL_28_2;127MM多联装副炮 ;;;;;;;;;;X
BRIG_MODEL_29_0;早期水上飞机 ;;;;;;;;;;X
BRIG_MODEL_29_1;基本舰载侦察机 ;;;;;;;;;;X
BRIG_MODEL_29_2;改良舰载侦察机 ;;;;;;;;;;X
BRIG_MODEL_29_3;舰载反潜/侦察机 ;;;;;;;;;;X
BRIG_MODEL_30_0;18年型辅助舰侦察机 ;;;;;;;;;;X
BRIG_MODEL_30_1;24年型辅助舰侦察机 ;;;;;;;;;;X
BRIG_MODEL_30_2;36年型辅助舰侦察机 ;;;;;;;;;;X
BRIG_MODEL_30_3;43年型辅助舰侦察机 ;;;;;;;;;;X
BRIG_MODEL_30_4;45年型辅助舰侦察机 ;;;;;;;;;;X
BRIG_MODEL_30_5;47年型辅助舰侦察机 ;;;;;;;;;;X
BRIG_MODEL_31_0;早期轻型航母舰载机 ;;;;;;;;;;X
BRIG_MODEL_31_1;基本轻型航母舰载机 ;;;;;;;;;;X
BRIG_MODEL_31_2;改良轻型航母舰载机 ;;;;;;;;;;X
BRIG_MODEL_31_3;先进轻型航母舰载机 ;;;;;;;;;;X
BRIG_MODEL_31_4;喷气式轻型航母舰载机 ;;;;;;;;;;X
BRIG_MODEL_31_5;改良喷气式轻型航母舰载机 ;;;;;;;;;;X
BRIG_MODEL_32_0;基本核动力推进器 ;;;;;;;;;;X
BRIG_MODEL_33_0;柴燃联合动力推进器 ;;;;;;;;;;X
BRIG_MODEL_34_0;80cm重型列车炮 ;;;;;;;;;;X
BRIG_MODEL_34_1;100cm超重型列车炮 ;;;;;;;;;;X
BRIG_MODEL_34_2;古斯塔夫列车炮 ;;;;;;;;;;X
BRIG_MODEL_34_3;卡尔重型臼炮 ;;;;;;;;;;X
BRIG_MODEL_34_4;小戴维迫击炮 ;;;;;;;;;;X
BRIG_MODEL_34_5;M1920型列车炮 ;;;;;;;;;;X
BRIG_MODEL_34_6;苏联巨型榴弹炮 ;;;;;;;;;;X
BRIG_MODEL_34_7;突击虎 ;;;;;;;;;;X
BRIG_MODEL_34_8;230MM重型要塞炮 ;;;;;;;;;;X
BRIG_MODEL_35_0;进口突击炮 ;;;;;;;;;;X
BRIG_MODEL_35_1;早期突击炮 ;;;;;;;;;;X
BRIG_MODEL_35_2;基本突击炮 ;;;;;;;;;;X
BRIG_MODEL_35_3;改良突击炮 ;;;;;;;;;;X
BRIG_MODEL_35_4;先进突击炮 ;;;;;;;;;;X
BRIG_MODEL_35_5;准现代轮式突击炮 ;;;;;;;;;;X
BRIG_MODEL_35_6;现代轮式突击炮 ;;;;;;;;;;X
BRIG_MODEL_36_0;基本涂装与无线电干扰装置 ;;;;;;;;;;X
BRIG_MODEL_36_1;改良涂装与无线电干扰装置 ;;;;;;;;;;X
BRIG_MODEL_36_2;基本雷达干扰仪 ;;;;;;;;;;X
BRIG_MODEL_36_3;改良雷达干扰仪 ;;;;;;;;;;X
BRIG_MODEL_37_0;舰载对海导弹 ;;;;;;;;;;X
BRIG_MODEL_38_0;进口师属重炮团 ;;;;;;;;;;X
BRIG_MODEL_38_1;一战师属重炮团 ;;;;;;;;;;X
BRIG_MODEL_38_2;早期师属重炮团 ;;;;;;;;;;X
BRIG_MODEL_38_3;基本师属重炮团 ;;;;;;;;;;X
BRIG_MODEL_38_4;改良师属重炮团 ;;;;;;;;;;X
BRIG_MODEL_38_5;先进师属重炮团 ;;;;;;;;;;X
BRIG_MODEL_38_6;准现代师属重炮团 ;;;;;;;;;;X
BRIG_MODEL_38_7;现代属重炮团 ;;;;;;;;;;X
BRIG_MODEL_38_8;冷战师属重炮团 ;;;;;;;;;;X
BRIG_MODEL_39_0;进口集团军重炮群 ;;;;;;;;;;X
BRIG_MODEL_39_1;一战集团军重炮群 ;;;;;;;;;;X
BRIG_MODEL_39_2;早期集团军重炮群 ;;;;;;;;;;X
BRIG_MODEL_39_3;基本集团军重炮群 ;;;;;;;;;;X
BRIG_MODEL_39_4;改良集团军重炮群 ;;;;;;;;;;X
BRIG_MODEL_39_5;先进集团军重炮群 ;;;;;;;;;;X
BRIG_MODEL_39_6;准现代集团军重炮群 ;;;;;;;;;;X
BRIG_MODEL_39_7;现代属重炮团 ;;;;;;;;;;X
BRIG_MODEL_39_8;冷战集团军重炮群 ;;;;;;;;;;X
BRIG_MODEL_40_0;早期自行I;;;;;;;;;;X
BRIG_MODEL_40_1;基本自行高炮团 ;;;;;;;;;;X
BRIG_MODEL_40_2;改良自行高炮团 ;;;;;;;;;;X
BRIG_MODEL_40_3;先进自行高炮团 ;;;;;;;;;;X
BRIG_MODEL_40_4;准现代自行高炮团 ;;;;;;;;;;X
BRIG_MODEL_40_5;现代自行高炮团 ;;;;;;;;;;X
BRIG_MODEL_41_0;防空导弹团 ;;;;;;;;;;X
MODEL_3_-1;B@GER党卫军41型装甲掷弹兵 ;;;;;;;;;;X
MODEL_6_-1;39型空降师 ;;;;;;;;;;X
MODEL_3_0;B@GER党卫军41型装甲掷弹兵;;;;;;;;;;X
MODEL_6_0;;;;;;;;;;;X
;;;;;;;;;;;X
;;;;;;;;;;;X
;;;;;;;;;;;X
;;;;;;;;;;;X
;;;;;;;;;;;X
;;;;;;;;;;;X
;;;;;;;;;;;X
LDESC_NUCLEAR_SUBMARINE;鱼雷快艇是以鱼雷为主要武器，用于近海作战的小型 战斗舰艇。除了执行攻击任务以外，也可担负巡逻、 警戒、反潜、布雷等其他任务。然而，随着二战结束 后各国海军逐渐普遍列装性能更为先进的反舰导弹， 鱼雷快艇基本上已经被飞弹快艇所取代，在海战上继 续承担水面快速突击等战术任务。鱼雷快艇吨位小， 航速高，机动灵活，排水量通常为数十吨至数百吨， 航行速度30到40节，有的可达50节，续航能力500 －3000海里。艇上装有鱼雷2至4枚，有些快艇还加 装20至76毫米口径舰炮，吨位较大的快艇还可能包 含水雷、深水炸弹等。搭配的感测系统有搜索、探测、 武器控制、通信导航、电子作战等。;;;;;;;;;;X
;;;;;;;;;;;X
;;;;;;;;;;;X
MODEL_29_1;一鹎捌隰~雷艇;;;;;;;;;;X
MODEL_29_2;一疳崞隰~雷艇;;;;;;;;;;X
MODEL_29_3;g鹦汪~雷艇;;;;;;;;;;X
MODEL_20_3;g鹦团谂;;;;;;;;;;X
;;;;;;;;;;;X
NAME_B_U12;迫舫hI;;;;;;;;;;X
SNAME_B_U12;迫舫h;;;;;;;;;;X
LDESC_B_U12;迫舫h;;;;;;;;;;X
SDESC_B_U12;迫舫hI;;;;;;;;;;X
BRIG_MODEL_42_0;60毫米迫舫h;;;;;;;;;;X
BRIG_MODEL_42_1;82毫米迫舫h;;;;;;;;;;X
BRIG_MODEL_42_2;105毫米重型迫舫h;;;;;;;;;;X
;;;;;;;;;;;X
MODEL_25_6;现代驱逐舰 ;;;;;;;;;;X
;;;;;;;;;;;X
;;;;;;;;;;;X
;;;;;;;;;;;X
NAME_B_U19;pCI;;;;;;;;;;X
SNAME_B_U19;pCI;;;;;;;;;;X
LDESC_B_U19;pC;;;;;;;;;;X
NAME_B_U20;重CI;;;;;;;;;;X
SNAME_B_U20;重CI;;;;;;;;;;X
LDESC_B_U20;重C;;;;;;;;;;X
;;;;;;;;;;;X
#EOF;;;;;;;;;;;X
