#  STRING NAME (do not change!);English;French;Italian;Spanish;German;Polish;Portuguese;Russian;;Extra2;x
CON_-;-;;;;;;;;;;X
CON_Africa;非洲 ;;;;;;;;;;X
CON_Asia;亚洲 ;;;;;;;;;;X
CON_Europe;欧洲 ;;;;;;;;;;X
CON_NAmerica;北美洲 ;;;;;;;;;;X
CON_Oceania;大洋州 ;;;;;;;;;;X
CON_SAmerica;南美洲 ;;;;;;;;;;X
#;;;;;;;;;;;X
AREA_-;-;;;;;;;;;;X
AREA_ADELAIDE;阿德莱德 ;;;;;;;;;;X
AREA_AFGHANISTAN;阿富汗 ;;;;;;;;;;X
AREA_AGATS;阿加茨 ;;;;;;;;;;X
AREA_ALABAMA;阿拉巴马 ;;;;;;;;;;X
AREA_ALASKA;阿拉斯加 ;;;;;;;;;;X
AREA_ALASKAN_ARCHIPELAGO;东阿留申群岛 ;;;;;;;;;;X
AREA_ALBANIA;阿尔巴尼亚 ;;;;;;;;;;X
AREA_ALBERTA;艾伯塔 ;;;;;;;;;;X
AREA_ALGERIAN_COAST;阿尔及利亚海岸 ;;;;;;;;;;X
AREA_ALICE_SPRINGS;艾利斯斯普林斯 ;;;;;;;;;;X
AREA_ALPES_PROVENCE;阿尔卑斯普罗旺斯 ;;;;;;;;;;X
AREA_AMUR;阿穆尔(黑龙江-外兴安岭) ;;;;;;;;;;X
AREA_ANATOLIAN_NORTH_COAST;安纳托利亚北海岸 ;;;;;;;;;;X
AREA_ANATOLIAN_SOUTH_COAST;安纳托利亚南海岸 ;;;;;;;;;;X
AREA_ANGOLAN_COAST;安哥拉海岸 ;;;;;;;;;;X
AREA_ANGOLAN_PLAINS;安哥拉平原 ;;;;;;;;;;X
AREA_ANHUI;安徽 ;;;;;;;;;;X
AREA_ANTILLES;安的列斯群岛 ;;;;;;;;;;X
AREA_APPENNINE_RIDGE;艾米利亚-托斯卡纳 ;;;;;;;;;;X
AREA_AQUITAINE;阿基坦 ;;;;;;;;;;X
AREA_ARABIAN_DESERT;阿拉伯沙漠 ;;;;;;;;;;X
AREA_ARIZONA;亚利桑那 ;;;;;;;;;;X
AREA_ARKANSAS;阿肯色 ;;;;;;;;;;X
AREA_ARKHANGELSK;阿尔汉格尔斯克 ;;;;;;;;;;X
AREA_ARMENIA_AZERBAIJAN;亚美尼亚-阿塞拜疆 ;;;;;;;;;;X
AREA_ASTRAKHAN;阿斯特拉罕 ;;;;;;;;;;X
AREA_ASUNCION;亚松森 ;;;;;;;;;;X
AREA_ATTICA;阿提卡 ;;;;;;;;;;X
AREA_AUSTRIA;奥地利 ;;;;;;;;;;X
AREA_BABO;巴博 ;;;;;;;;;;X
AREA_BADEN_WURTTEMBERG;巴登-符腾堡;;;;;;;;;;X
AREA_BAHAMAS_ISLANDS;巴哈马群岛 ;;;;;;;;;;X
AREA_BALEARES;阿拉贡 ;;;;;;;;;;X
AREA_BAVARIA;巴伐利亚 ;;;;;;;;;;X
AREA_BECHUANALAND;贝专纳(博茨瓦纳) ;;;;;;;;;;X
AREA_BENGAL;西孟加拉 ;;;;;;;;;;X
AREA_BENGAZI;班加西 ;;;;;;;;;;X
AREA_BERMUDA;百慕大群岛 ;;;;;;;;;;X
AREA_BESSARABIA;比萨拉比亚 ;;;;;;;;;;X
AREA_BOHEMIA;波希米亚 ;;;;;;;;;;X
AREA_BOMBAY;孟买 ;;;;;;;;;;X
AREA_BONIN;小笠原群岛 ;;;;;;;;;;X
AREA_BOSNIA;波斯尼亚 ;;;;;;;;;;X
AREA_BOSPORUS;博斯普鲁斯海峡 ;;;;;;;;;;X
AREA_BOUGAINVILLE;北所罗门群岛 ;;;;;;;;;;X
AREA_BOURGOGNE_CHAMPAGNE;勃艮第-香槟 ;;;;;;;;;;X
AREA_BRANDENBURG;勃兰登堡 ;;;;;;;;;;X
AREA_BRASILIA;巴西利亚 ;;;;;;;;;;X
AREA_BREST_LITOVSK;布列斯特-利托夫斯克 ;;;;;;;;;;X
AREA_BRISBANE;布里斯班 ;;;;;;;;;;X
AREA_BRITISH_COLUMBIA;不列颠-哥伦比亚 ;;;;;;;;;;X
AREA_BRITTANY;布列塔尼 ;;;;;;;;;;X
AREA_BULGARIA;保加利亚 ;;;;;;;;;;X
AREA_BURMA;南缅甸 ;;;;;;;;;;X
AREA_CAIRNS;凯恩斯 ;;;;;;;;;;X
AREA_CALIFORNIA;加利福尼亚 ;;;;;;;;;;X
AREA_CAMEROONIAN_JUNGLE;喀麦隆丛林 ;;;;;;;;;;X
AREA_CANARIAS;加那利群岛 ;;;;;;;;;;X
AREA_CANTABRIC_CHAIN;加利西亚-坎塔布连山脉 ;;;;;;;;;;X
AREA_CAP_VERDE_ISLANDS;佛得角群岛 ;;;;;;;;;;X
AREA_CAPE;好望角 ;;;;;;;;;;X
AREA_CARACAS;加拉加斯 ;;;;;;;;;;X
AREA_CAROLINESE;加罗林群岛 ;;;;;;;;;;X
AREA_CATALONIA;加泰罗尼亚 ;;;;;;;;;;X
AREA_CELEBES;西里伯斯岛(苏拉威西岛) ;;;;;;;;;;X
AREA_CENTRAL_AFRICA_DESERT;中非沙漠 ;;;;;;;;;;X
AREA_CENTRAL_AFRICA_PLAINS;中非大平原 ;;;;;;;;;;X
AREA_CENTRAL_FINLAND;芬兰中部 ;;;;;;;;;;X
AREA_CENTRAL_ITALY;意大利中部 ;;;;;;;;;;X
AREA_CENTRAL_NORWAY;挪威中部 ;;;;;;;;;;X
AREA_CENTRAL_RAINFORESTS;中部热带雨林 ;;;;;;;;;;X
AREA_CENTRAL_SERBIA;塞尔维亚 ;;;;;;;;;;X
AREA_CENTRAL_SPAIN;新卡斯特尔 ;;;;;;;;;;X
AREA_CENTRAL_TURKEY;土耳其中部 ;;;;;;;;;;X
AREA_CHAHAR;察哈尔 ;;;;;;;;;;X
AREA_CHIHUAHUA;奇瓦瓦 ;;;;;;;;;;X
AREA_CHILE;智利 ;;;;;;;;;;X
AREA_CHILEAN_ARCHIPELAGO;智利群岛 ;;;;;;;;;;X
AREA_COLORADO;科罗拉多 ;;;;;;;;;;X
AREA_CONNECTICUT_RHODE_ISLAND;康乃狄克-罗得岛 ;;;;;;;;;;X
AREA_CONTINENTAL_SPAIN;旧卡斯提尔 ;;;;;;;;;;X
AREA_COSTA_DEL_SOL;太阳海岸 ;;;;;;;;;;X
AREA_CROATIA;克罗地亚-斯洛文尼亚 ;;;;;;;;;;X
AREA_CUBA;古巴 ;;;;;;;;;;X
AREA_DANAKIL_PLATEAU;达纳基勒高原 ;;;;;;;;;;X
AREA_DARWIN;达尔文 ;;;;;;;;;;X
AREA_DECCAR;德干高原 ;;;;;;;;;;X
AREA_DELHI;德里 ;;;;;;;;;;X
AREA_DELTA;尼罗河三角洲 ;;;;;;;;;;X
AREA_DENMARK;丹麦 ;;;;;;;;;;X
AREA_DIEGO_GARCIA_ISLAND;迪戈加西亚岛 ;;;;;;;;;;X
AREA_DNEPROPRETOVSK;第聂伯罗彼得罗夫斯克 ;;;;;;;;;;X
AREA_EAST_ANDALUCIA;安达卢西亚 ;;;;;;;;;;X
AREA_EAST_ATLAS;东阿特拉斯山脉 ;;;;;;;;;;X
AREA_EAST_ENGLAND;东英格兰 ;;;;;;;;;;X
AREA_EAST_JAVA;东爪哇岛 ;;;;;;;;;;X
AREA_EAST_PERSIA;东波斯 ;;;;;;;;;;X
AREA_EAST_PRUSSIA;东普鲁士 ;;;;;;;;;;X
AREA_EAST_SERBIA;马其顿-黑山 ;;;;;;;;;;X
AREA_EASTERN_ANATOLIA;东安纳托利亚 ;;;;;;;;;;X
AREA_EASTERN_GHAT;东高止山脉 ;;;;;;;;;;X
AREA_EASTERN_HUNGARY;罗兹 ;;;;;;;;;;X
AREA_EGYPTIAN_COAST;埃及海岸 ;;;;;;;;;;X
AREA_EIRE;爱尔兰 ;;;;;;;;;;X
AREA_EL_ALAMEIN;阿拉曼 ;;;;;;;;;;X
AREA_EL_RIF;里夫山 ;;;;;;;;;;X
AREA_ESPIRTU_SANTO;圣埃斯皮里图 ;;;;;;;;;;X
AREA_ESTONIA;爱沙尼亚 ;;;;;;;;;;X
AREA_ETHIOPIAN_HIGHLAND;埃塞俄比亚高原 ;;;;;;;;;;X
AREA_FIJI;斐济 ;;;;;;;;;;X
AREA_FLANDERS;佛兰德斯 ;;;;;;;;;;X
AREA_FLORES_TIMOR;弗洛勒斯-帝汶 ;;;;;;;;;;X
AREA_FLORIDA;佛罗里达 ;;;;;;;;;;X
AREA_FUJIAN;福建 ;;;;;;;;;;X
AREA_GABES;加贝斯 ;;;;;;;;;;X
AREA_GANSU;甘肃 ;;;;;;;;;;X
AREA_GEORGIA;格鲁吉亚 ;;;;;;;;;;X
AREA_GOETALAND;约塔兰 ;;;;;;;;;;X
AREA_GOLD_COAST;黄金海岸 ;;;;;;;;;;X
AREA_GREEK_ISLAND;希腊诸岛 ;;;;;;;;;;X
AREA_GRODNO;格罗德诺 ;;;;;;;;;;X
AREA_GUADALCANAL;南所罗门群岛 ;;;;;;;;;;X
AREA_GUANGDONG;广东 ;;;;;;;;;;X
AREA_GUANGXI;广西 ;;;;;;;;;;X
AREA_GUAYANA;圭亚那 ;;;;;;;;;;X
AREA_GUINEAN_COAST;几内亚海岸 ;;;;;;;;;;X
AREA_GUIZHOU;贵州 ;;;;;;;;;;X
AREA_GULF_OF_LYON;利翁湾 ;;;;;;;;;;X
AREA_HANNOVER_MAGDEBURG;汉诺威 ;;;;;;;;;;X
AREA_HAWAII;夏威夷 ;;;;;;;;;;X
AREA_HEBEI;河北 ;;;;;;;;;;X
AREA_HEDJAZ;汉志 ;;;;;;;;;;X
AREA_HEILONGJIANG;黑龙江 ;;;;;;;;;;X
AREA_HENAN;河南 ;;;;;;;;;;X
AREA_HESSEN;黑森 ;;;;;;;;;;X
AREA_HIMALAYAS;喀什米 ;;;;;;;;;;X
AREA_HISPANIOLA;伊斯帕尼奥拉岛(海地岛) ;;;;;;;;;;X
AREA_HOLSTEIN_MECKLEMBURG;梅克伦堡 ;;;;;;;;;;X
AREA_HONSHU;中国-近畿地区 ;;;;;;;;;;X
AREA_HUBEI;湖北 ;;;;;;;;;;X
AREA_HUNAN;湖南 ;;;;;;;;;;X
AREA_ICELAND;冰岛 ;;;;;;;;;;X
AREA_IDAHO;爱达荷 ;;;;;;;;;;X
AREA_ILLINOIS;伊利诺斯 ;;;;;;;;;;X
AREA_INDIANA;印第安纳 ;;;;;;;;;;X
AREA_INDOCHINE;印度支那 ;;;;;;;;;;X
AREA_INTERIOR_ALGERIA;内阿尔及利亚 ;;;;;;;;;;X
AREA_INTERIOR_LIBYA;内利比亚 ;;;;;;;;;;X
AREA_IOWA;爱荷华 ;;;;;;;;;;X
AREA_IQUITOS;伊基托斯 ;;;;;;;;;;X
AREA_IRAQ;伊拉克 ;;;;;;;;;;X
AREA_IRKUTSK;伊尔库茨克 ;;;;;;;;;;X
AREA_IVORY_COAST;象牙海岸 ;;;;;;;;;;X
AREA_JIANGSU;江苏 ;;;;;;;;;;X
AREA_JIANGXI;江西 ;;;;;;;;;;X
AREA_JILIN;吉林 ;;;;;;;;;;X
AREA_JOHNSON_ISLAND;约翰逊岛 ;;;;;;;;;;X
AREA_KAMCHATKA;北高加索 ;;;;;;;;;;X
AREA_KANSAS;堪萨斯 ;;;;;;;;;;X
AREA_KARELIA;卡累利阿 ;;;;;;;;;;X
AREA_KASSARINE;卡塞林 ;;;;;;;;;;X
AREA_KAZAKSTAN;哈萨克斯坦 ;;;;;;;;;;X
AREA_KAZAN;喀山 ;;;;;;;;;;X
AREA_KENTUCKY;肯塔基 ;;;;;;;;;;X
AREA_KENYA;肯尼亚 ;;;;;;;;;;X
AREA_KHABAROVSK;伯力(哈巴罗夫斯克) ;;;;;;;;;;X
AREA_KHARKOV;哈尔科夫 ;;;;;;;;;;X
AREA_KIEV;基辅 ;;;;;;;;;;X
AREA_KIRGIZ_STEPPE;西哈萨克 ;;;;;;;;;;X
AREA_KIRGIZISTAN;吉尔吉斯斯坦 ;;;;;;;;;;X
AREA_KIROV;萨拉托夫 ;;;;;;;;;;X
AREA_KONGOLESE_JUNGLE;刚果丛林 ;;;;;;;;;;X
AREA_KOSTROMA;加里宁 ;;;;;;;;;;X
AREA_KRAKOW;西加里西亚-克拉科夫 ;;;;;;;;;;X
AREA_KRASNODAR;克拉斯诺达尔 ;;;;;;;;;;X
AREA_KRIM;克里米亚半岛 ;;;;;;;;;;X
AREA_KURDUFAN;科尔多凡 ;;;;;;;;;;X
AREA_KURSK;库尔斯克 ;;;;;;;;;;X
AREA_KUYBYSHEV;古比雪夫 ;;;;;;;;;;X
AREA_KYUSHU_SHIKOKU;九州-四国地区 ;;;;;;;;;;X
AREA_LA_PAZ;拉巴斯 ;;;;;;;;;;X
AREA_LA_PLATA;拉普拉塔 ;;;;;;;;;;X
AREA_LAE;东北新几内亚 ;;;;;;;;;;X
AREA_LAKE;湖泊 ;;;;;;;;;;X
AREA_LAKES;大湖区 ;;;;;;;;;;X
AREA_LAPLAND;拉普兰 ;;;;;;;;;;X
AREA_LATVIA;脱维亚 ;;;;;;;;;;X
AREA_LEBANON_SYRIA;黎巴嫩-叙利亚 ;;;;;;;;;;X
AREA_LENINGRAD;列宁格勒 ;;;;;;;;;;X
AREA_LEVANT;巴伦西亚 ;;;;;;;;;;X
AREA_LEYTE_ISLAND_GROUP;东菲律宾群岛 ;;;;;;;;;;X
AREA_LIAONING;辽宁 ;;;;;;;;;;X
AREA_LIGURIAN_ISLANDS;利古里亚群岛 ;;;;;;;;;;X
AREA_LIMA;利马 ;;;;;;;;;;X
AREA_LIMOUSIN_AUVERGNE;利穆赞-奥弗涅 ;;;;;;;;;;X
AREA_LITHUANIA;立陶宛 ;;;;;;;;;;X
AREA_LOIRE;卢瓦尔 ;;;;;;;;;;X
AREA_LORRAINE_ALSACE;阿尔萨斯-洛林 ;;;;;;;;;;X
AREA_LOUISIANA;路易斯安那 ;;;;;;;;;;X
AREA_LOWER_ARGENTINE;下阿根廷 ;;;;;;;;;;X
AREA_LOWER_CALIFORNIA;下加利福尼亚 ;;;;;;;;;;X
AREA_LUZON;吕宋岛 ;;;;;;;;;;X
AREA_LVOV;东加里西亚-利沃夫 ;;;;;;;;;;X
AREA_MADAGASCAR;马达加斯加岛 ;;;;;;;;;;X
AREA_MAGADAN;马加丹 ;;;;;;;;;;X
AREA_MAGDALENA;马格达莱纳 ;;;;;;;;;;X
AREA_MAGHREB_COAST;马格里布海岸 ;;;;;;;;;;X
AREA_MAINE;缅因 ;;;;;;;;;;X
AREA_MALACKA;马六甲 ;;;;;;;;;;X
AREA_MALIAN_DESERT;马里沙漠 ;;;;;;;;;;X
AREA_MALIAN_VALLEYS;马里谷地 ;;;;;;;;;;X
AREA_MANAUS;马瑙斯 ;;;;;;;;;;X
AREA_MANITOBA;马尼托巴 ;;;;;;;;;;X
AREA_MARACAIBO;马拉开波 ;;;;;;;;;;X
AREA_MARCUS_WAKE;Marcus_Wake;;;;;;;;;;X
AREA_MARSHALLS;马绍尔群岛 ;;;;;;;;;;X
AREA_MARYLAND_DELAWARE;马里兰-特拉华 ;;;;;;;;;;X
AREA_MASSACHUSSETS;马萨诸塞 ;;;;;;;;;;X
AREA_MATO_GROSSO;马托格罗索 ;;;;;;;;;;X
AREA_MAURETANIA;毛里塔尼亚 ;;;;;;;;;;X
AREA_MELBOURNE;墨尔本 ;;;;;;;;;;X
AREA_MELKOSOPOTJNIK;东哈萨克 ;;;;;;;;;;X
AREA_MEMEL;波美拉尼亚 ;;;;;;;;;;X
AREA_MEXICO_CITY;墨西哥城 ;;;;;;;;;;X
AREA_MICHIGAN;密歇根 ;;;;;;;;;;X
AREA_MIDWAY;中途岛 ;;;;;;;;;;X
AREA_MINDANAO;棉兰老岛 ;;;;;;;;;;X
AREA_MINNESOTA;明尼苏达 ;;;;;;;;;;X
AREA_MINSK;明斯克 ;;;;;;;;;;X
AREA_MISSISSIPPI;密西西比 ;;;;;;;;;;X
AREA_MISSOURI;密苏里 ;;;;;;;;;;X
AREA_MOCAMBIQUE;莫桑比克 ;;;;;;;;;;X
AREA_MOLUCKS;摩鹿加群岛(马鲁古群岛) ;;;;;;;;;;X
AREA_MONGOLIA;蒙古 ;;;;;;;;;;X
AREA_MONTANA;蒙大拿 ;;;;;;;;;;X
AREA_MOROCCO;摩洛哥 ;;;;;;;;;;X
AREA_MOSCOW;莫斯科 ;;;;;;;;;;X
AREA_NAGPUR;那格浦尔 ;;;;;;;;;;X
AREA_NAMBIA;纳米比亚 ;;;;;;;;;;X
AREA_NAURU;瑙鲁 ;;;;;;;;;;X
AREA_NEBRASKA;内布拉斯加 ;;;;;;;;;;X
AREA_NEDRE_NORRLAND;莱茵兰 ;;;;;;;;;;X
AREA_NETHERLANDS;尼德兰(荷兰) ;;;;;;;;;;X
AREA_NEVADA;内华达 ;;;;;;;;;;X
AREA_NEW_BRUNSWICK;新不伦瑞克 ;;;;;;;;;;X
AREA_NEW_FOUNDLAND;纽芬兰 ;;;;;;;;;;X
AREA_NEW_HAMPSHIRE;新罕布什尔 ;;;;;;;;;;X
AREA_NEW_JERSEY;新泽西 ;;;;;;;;;;X
AREA_NEW_MEXICO;新墨西哥 ;;;;;;;;;;X
AREA_NEW_YORK;纽约 ;;;;;;;;;;X
AREA_NEW_ZEALAND;新西兰 ;;;;;;;;;;X
AREA_NIASSA;尼亚萨 ;;;;;;;;;;X
AREA_NICARAGUA;尼加拉瓜 ;;;;;;;;;;X
AREA_NIGER;尼日尔 ;;;;;;;;;;X
AREA_NILE_VALLEY;尼罗河谷地 ;;;;;;;;;;X
AREA_NIZHNIJ_NOVGOROD;高尔基(下诺夫哥罗德) ;;;;;;;;;;X
AREA_NORMANDY;诺曼底 ;;;;;;;;;;X
AREA_NORTH_BORNEO;北婆罗洲 ;;;;;;;;;;X
AREA_NORTH_CAROLINA;北卡罗来纳 ;;;;;;;;;;X
AREA_NORTH_DAKOTA;北达科他 ;;;;;;;;;;X
AREA_NORTH_ENGLAND;北英格兰 ;;;;;;;;;;X
AREA_NORTH_ETHIOPIA;北埃塞俄比亚 ;;;;;;;;;;X
AREA_NORTH_GILBERTS;吉尔伯特群岛 ;;;;;;;;;;X
AREA_NORTH_IRELAND;西里西亚 ;;;;;;;;;;X
AREA_NORTH_ITALY;皮埃蒙特-伦巴第 ;;;;;;;;;;X
AREA_NORTH_KRASNOYARSK;布良斯克 ;;;;;;;;;;X
AREA_NORTH_MARIANES;马里亚纳群岛 ;;;;;;;;;;X
AREA_NORTH_NIGERIA;北尼日利亚 ;;;;;;;;;;X
AREA_NORTH_PERSIA;北波斯 ;;;;;;;;;;X
AREA_NORTH_RHODESIA;北罗得西亚(赞比亚) ;;;;;;;;;;X
AREA_NORTH_ROMANIA;威尼托-伊斯特拉 ;;;;;;;;;;X
AREA_NORTH_SCOTLAND;北苏格兰 ;;;;;;;;;;X
AREA_NORTHERN_NORWAY;挪威北部 ;;;;;;;;;;X
AREA_NORTHWEST_TERRITORIES;西北地区东部 ;;;;;;;;;;X
AREA_NOVA_SCOTIA;新斯科舍 ;;;;;;;;;;X
AREA_NOVGOROD;诺夫哥罗德 ;;;;;;;;;;X
AREA_NOVOSIBIRSK;新西伯利亚 ;;;;;;;;;;X
AREA_NUBIAN_DESERT;努比亚沙漠 ;;;;;;;;;;X
AREA_ODESSA;敖德萨 ;;;;;;;;;;X
AREA_OESTERBOTTEN;西芬兰 ;;;;;;;;;;X
AREA_OESTRA_SVEALAND;斯韦阿兰 ;;;;;;;;;;X
AREA_OEVRE_NORRLAND;诺尔兰 ;;;;;;;;;;X
AREA_OHIO;俄亥俄 ;;;;;;;;;;X
AREA_OKLAHOMA;俄克拉荷马 ;;;;;;;;;;X
AREA_OMSK;阿尔泰边疆区 ;;;;;;;;;;X
AREA_ONTARIO;安大略 ;;;;;;;;;;X
AREA_ORAN;奥兰 ;;;;;;;;;;X
AREA_OREGON;俄勒冈 ;;;;;;;;;;X
AREA_ORISSA;奥里萨 ;;;;;;;;;;X
AREA_PAKISTAN;巴基斯坦 ;;;;;;;;;;X
AREA_PALAWAN_MINDORO;西菲律宾群岛 ;;;;;;;;;;X
AREA_PALESTINE;巴勒斯坦 ;;;;;;;;;;X
AREA_PANAMAN_RIDGE;巴拿马山脊 ;;;;;;;;;;X
AREA_PARIS;巴黎 ;;;;;;;;;;X
AREA_PAS_DE_CALAIS;加来 ;;;;;;;;;;X
AREA_PENNSYLVANIA;宾夕法尼亚 ;;;;;;;;;;X
AREA_PENZA;奔萨 ;;;;;;;;;;X
AREA_PERM;彼尔姆 ;;;;;;;;;;X
AREA_PERSIAN_GULF_COAST;波斯湾海岸 ;;;;;;;;;;X
AREA_PERTH;珀斯 ;;;;;;;;;;X
AREA_PHOENIX;菲尼克斯(凤凰)群岛 ;;;;;;;;;;X
AREA_POLOTSK;卢布林 ;;;;;;;;;;X
AREA_POLYNESIA;法属波利尼西亚 ;;;;;;;;;;X
AREA_PORT_MORESBY;巴布亚 ;;;;;;;;;;X
AREA_PORTUGAL;葡萄牙 ;;;;;;;;;;X
AREA_POZNAN;波兹南 ;;;;;;;;;;X
AREA_PRIMORSKI;滨海区 ;;;;;;;;;;X
AREA_PSKOV;切尔尼戈夫 ;;;;;;;;;;X
AREA_PYONGYANG;北朝鲜 ;;;;;;;;;;X
AREA_PYRENEES_LANGUEDOC;比利牛斯-朗格多克 ;;;;;;;;;;X
AREA_QATTARA;盖塔拉洼地 ;;;;;;;;;;X
AREA_QINGHAI;青海 ;;;;;;;;;;X
AREA_QUEBEC;魁北克 ;;;;;;;;;;X
AREA_QUITO;基多 ;;;;;;;;;;X
AREA_RABAUL;新不列颠岛 ;;;;;;;;;;X
AREA_RAJASTAN;拉贾斯坦邦 ;;;;;;;;;;X
AREA_RED_SEA_COAST;红海沿岸 ;;;;;;;;;;X
AREA_REHE;热河 ;;;;;;;;;;X
AREA_RESERVOIRE_RYBINSK;雷宾斯克水库 ;;;;;;;;;;X
AREA_RIO_DE_JANEIRO;里约热内卢 ;;;;;;;;;;X
AREA_RIO_DE_ORO;里奥德奥罗 ;;;;;;;;;;X
AREA_ROGACHEV;戈梅利-莫吉廖夫 ;;;;;;;;;;X
AREA_ROSTOV;罗斯托夫 ;;;;;;;;;;X
AREA_RYAZAN;梁赞 ;;;;;;;;;;X
AREA_SACHSEN;萨克森 ;;;;;;;;;;X
AREA_SAKHALIN_KURILES; 库页岛-千岛群岛 ;;;;;;;;;;X
AREA_SAMOA;萨摩亚群岛 ;;;;;;;;;;X
AREA_SAO_PAULO;圣保罗 ;;;;;;;;;;X
AREA_SARANSK;斯大林诺 ;;;;;;;;;;X
AREA_SARMI;萨米 ;;;;;;;;;;X
AREA_SASKATCHEWAN;萨斯喀彻温 ;;;;;;;;;;X
AREA_SENEGAMBIA;塞内冈比亚 ;;;;;;;;;;X
AREA_SENJAVIN;南海Tu ;;;;;;;;;;X
AREA_SEOUL;南朝鲜 ;;;;;;;;;;X
AREA_SHABA;沙巴区(加丹加省) ;;;;;;;;;;X
AREA_SHANDONG;山东 ;;;;;;;;;;X
AREA_SHANXI;山西 ;;;;;;;;;;X
AREA_SHAANXI;陕西 ;;;;;;;;;;X
AREA_SIAM;暹罗 ;;;;;;;;;;X
AREA_SICHUAN;四川 ;;;;;;;;;;X
AREA_SICILIAN_GAP;西西里-马耳他要冲 ;;;;;;;;;;X
AREA_SIDI_BARRANI;西迪拜拉尼 ;;;;;;;;;;X
AREA_SIRTE;苏尔特 ;;;;;;;;;;X
AREA_SLAVE_COAST;奴隶海岸 ;;;;;;;;;;X
AREA_SLOVAKIA;斯洛伐克 ;;;;;;;;;;X
AREA_SMOLENSK;斯摩棱斯克 ;;;;;;;;;;X
AREA_SOMALIA;索马里 ;;;;;;;;;;X
AREA_SOMALILAND;索马里兰 ;;;;;;;;;;X
AREA_SOUTH_BORNEO;南婆罗洲 ;;;;;;;;;;X
AREA_SOUTH_CAROLINA;南卡罗来纳 ;;;;;;;;;;X
AREA_SOUTH_DAKOTA;南达科塔 ;;;;;;;;;;X
AREA_SOUTH_ETHIOPIA;南埃塞俄比亚 ;;;;;;;;;;X
AREA_SOUTH_FINLAND;南芬兰 ;;;;;;;;;;X
AREA_SOUTH_GILBERTS;埃利斯群岛(图瓦卢) ;;;;;;;;;;X
AREA_SOUTH_ITALY;南意大利 ;;;;;;;;;;X
AREA_SOUTH_KRASNOYARSK;克拉斯诺亚尔斯克 ;;;;;;;;;;X
AREA_SOUTH_NIGERIA;南尼日利亚 ;;;;;;;;;;X
AREA_SOUTH_PERSIA;南波斯 ;;;;;;;;;;X
AREA_SOUTH_RHODESIA;南罗得西亚(津巴布韦) ;;;;;;;;;;X
AREA_SOUTH_ROMANIA;瓦拉几亚 ;;;;;;;;;;X
AREA_SOUTH_SCOTLAND;南苏格兰 ;;;;;;;;;;X
AREA_SOUTHCENTRAL_NORWAY;摩拉维亚 ;;;;;;;;;;X
AREA_SOUTHERN_NORWAY;挪威南部 ;;;;;;;;;;X
AREA_ST.HELENA;圣赫勒拿岛 ;;;;;;;;;;X
AREA_STALINGRAD;斯大林格勒(伏尔加格勒) ;;;;;;;;;;X
AREA_SUEZ_CHANNEL_AREA;苏伊士运河区 ;;;;;;;;;;X
AREA_SUIYUAN_NINGXIA;绥远 ;;;;;;;;;;X
AREA_SUMATRA;苏门答腊岛 ;;;;;;;;;;X
AREA_SUNDA_ISLANDS;巽他群岛 ;;;;;;;;;;X
AREA_SVERDLOVSK;斯维尔德洛夫斯克 ;;;;;;;;;;X
AREA_SWITZERLAND;瑞士 ;;;;;;;;;;X
AREA_SYDNEY;悉尼 ;;;;;;;;;;X
AREA_SYZRAN;塞兹兰 ;;;;;;;;;;X
AREA_TADZJIKISTAN;塔吉克斯坦 ;;;;;;;;;;X
AREA_TAIWAN;台湾-琉球 ;;;;;;;;;;X
AREA_TAJMYR_EVENK;车里雅宾斯克;;;;;;;;;;X
AREA_TAMBOV;坦波夫 ;;;;;;;;;;X
AREA_TANGANYIKA;坦噶尼喀 ;;;;;;;;;;X
AREA_TENNESSEE;田纳西 ;;;;;;;;;;X
AREA_TEXAS;德克萨斯 ;;;;;;;;;;X
AREA_THE_AZORES;亚速尔群岛 ;;;;;;;;;;X
AREA_THE_FALKLANDS;福克兰群岛 ;;;;;;;;;;X
AREA_THRACE;色雷斯 ;;;;;;;;;;X
AREA_TIBET;西藏 ;;;;;;;;;;X
AREA_TIERRA_DEL_FUEGO;火地岛 ;;;;;;;;;;X
AREA_TOBRUK;托布鲁克 ;;;;;;;;;;X
AREA_TOHOKU;中部-关东地区 ;;;;;;;;;;X
AREA_TOMSK;托木斯克 ;;;;;;;;;;X
AREA_TRANSJORDAN;外约旦 ;;;;;;;;;;X
AREA_TRANSNISTRIA;涅斯特里亚(外德涅斯特) ;;;;;;;;;;X
AREA_TRANSVAAL_NATAL;Transvaal_Natal;;;;;;;;;;X
AREA_TRANSYLVANIA;特兰西瓦尼亚 ;;;;;;;;;;X
AREA_TUNIS;突尼斯 ;;;;;;;;;;X
AREA_TURKESTAN;突厥斯坦 ;;;;;;;;;;X
AREA_TURKMENISTAN;土库曼斯坦 ;;;;;;;;;;X
AREA_TYUMEN;秋明 ;;;;;;;;;;X
AREA_UFA;乌法 ;;;;;;;;;;X
AREA_UGANDA;乌干达 ;;;;;;;;;;X
AREA_UPPER_ARGENTINE;上阿根廷 ;;;;;;;;;;X
AREA_UPPER_NILE_VALLEY;上尼罗河谷地 ;;;;;;;;;;X
AREA_UTAH;犹他 ;;;;;;;;;;X
AREA_UZBEKISTAN;乌兹别克斯坦 ;;;;;;;;;;X
AREA_VAESTRA_SVEALAND;西普鲁士 ;;;;;;;;;;X
AREA_VELIKIYE_LUKI;大卢基 ;;;;;;;;;;X
AREA_VERA_CRUZ;韦拉克鲁斯 ;;;;;;;;;;X
AREA_VERMONT;佛蒙特 ;;;;;;;;;;X
AREA_VIRGINIA;弗吉尼亚 ;;;;;;;;;;X
AREA_VLADIMIR;弗拉基米尔 ;;;;;;;;;;X
AREA_VOLTA;沃尔特 ;;;;;;;;;;X
AREA_WALLONIA;瓦隆 ;;;;;;;;;;X
AREA_WARSAW;华沙 ;;;;;;;;;;X
AREA_WASHINGTON;华盛顿 ;;;;;;;;;;X
AREA_WEST_ANDALUCIA;埃斯特雷马杜拉 ;;;;;;;;;;X
AREA_WEST_ATLAS;西阿特拉斯 ;;;;;;;;;;X
AREA_WEST_ENGLAND;西英格兰 ;;;;;;;;;;X
AREA_WEST_JAVA;西爪哇岛 ;;;;;;;;;;X
AREA_WEST_VIRGINIA;西弗吉尼亚 ;;;;;;;;;;X
AREA_WESTERN_DESERT;西部沙漠 ;;;;;;;;;;X
AREA_WESTERN_GHAT;西高止山脉 ;;;;;;;;;;X
AREA_WESTERN_HUNGARY;匈牙利 ;;;;;;;;;;X
AREA_WESTPHALEN;威斯特法伦 ;;;;;;;;;;X
AREA_WISCONSIN;威斯康星 ;;;;;;;;;;X
AREA_WYOMING;怀俄明 ;;;;;;;;;;X
AREA_XIKANG;西康 ;;;;;;;;;;X
AREA_XINJIANG;新疆 ;;;;;;;;;;X
AREA_YAKUTSK;雅库茨克 ;;;;;;;;;;X
AREA_YEMENITE_MOUNTAINS;也门山脉 ;;;;;;;;;;X
AREA_YUKON;西北地区西部(育空地区) ;;;;;;;;;;X
AREA_YUNNAN;云南 ;;;;;;;;;;X
AREA_ZABAIKALYE;外贝加尔地区 ;;;;;;;;;;X
AREA_ZHEJIANG;浙江 ;;;;;;;;;;X
#;;;;;;;;;;;X
AREA_ADRIATIC_SEA;亚得里亚海 ;;;;;;;;;;X
AREA_AEGEAN_SEA;爱琴海 ;;;;;;;;;;X
AREA_ALBORAN_SEA;阿尔沃兰海 ;;;;;;;;;;X
AREA_ALEUTIANS;阿留申群岛海域 ;;;;;;;;;;X
AREA_ANGOLA_PLAIN;安哥拉海原 ;;;;;;;;;;X
AREA_ARAFURA_SEA;阿拉弗拉海 ;;;;;;;;;;X
AREA_ARCTIC_OCEAN;格陵兰海 ;;;;;;;;;;X
AREA_ARGENTINE_PLAIN;阿根廷海原 ;;;;;;;;;;X
AREA_ASCENSION_FRACTURE_ZONE;阿森松断裂带 ;;;;;;;;;;X
AREA_ATLANTIC_INDIAN_RIDGE;大西洋-印度洋海岭 ;;;;;;;;;;X
AREA_AZORES;亚速尔群岛海域 ;;;;;;;;;;X
AREA_BALEARIC_SEA;巴利阿里海 ;;;;;;;;;;X
AREA_BANDA_SEA;班达海 ;;;;;;;;;;X
AREA_BARENTS_SEA;巴伦支海 ;;;;;;;;;;X
AREA_BAY_OF_BISCAY;比斯开湾 ;;;;;;;;;;X
AREA_BERMUDA_TRIANGLE;百慕大三角 ;;;;;;;;;;X
AREA_BLACK_SEA;黑海 ;;;;;;;;;;X
AREA_BOTHNIAN_BAY;波的尼亚湾 ;;;;;;;;;;X
AREA_CAP_ST_VINCENT;圣文森特角 ;;;;;;;;;;X
AREA_CAP_VERDE;佛得角 ;;;;;;;;;;X
AREA_CAPE_FINISTERRE;菲尼斯特雷角 ;;;;;;;;;;X
AREA_CAROLINES;马绍尔岛链 ;;;;;;;;;;X
AREA_CELEBES_SEA;西里伯斯海(苏拉威西海) ;;;;;;;;;;X
AREA_CENTRAL_ATLANTIC;大西洋中部 ;;;;;;;;;;X
AREA_CENTRAL_CARRIBEAN;加勒比海中部 ;;;;;;;;;;X
AREA_CENTRAL_NORTHSEA;北海中部 ;;;;;;;;;;X
AREA_CENTRAL_PHILIPPINE_SEA;菲律宾海中部 ;;;;;;;;;;X
AREA_COAST_OF_AFRICA;非洲海岸 ;;;;;;;;;;X
AREA_COAST_OF_ANGOLA_NAMIBIA;安哥拉-纳米比亚海岸 ;;;;;;;;;;X
AREA_COAST_OF_ARGENTINA;阿根廷海岸 ;;;;;;;;;;X
AREA_COAST_OF_BISSAO;比绍海岸 ;;;;;;;;;;X
AREA_COAST_OF_BRAZIL;巴西海岸 ;;;;;;;;;;X
AREA_COAST_OF_BRUNEI;文莱海岸 ;;;;;;;;;;X
AREA_COAST_OF_CEYLON;锡兰海岸 ;;;;;;;;;;X
AREA_COAST_OF_GUYANA;圭亚那海岸 ;;;;;;;;;;X
AREA_COAST_OF_INDOCHINA;印度支那海岸 ;;;;;;;;;;X
AREA_COAST_OF_JAPAN;日本海岸 ;;;;;;;;;;X
AREA_COAST_OF_KAMCHATKA;堪察加海岸 ;;;;;;;;;;X
AREA_COAST_OF_NEW_GUINEA;新几内亚海岸 ;;;;;;;;;;X
AREA_COAST_OF_RECIFE;累西腓海岸 ;;;;;;;;;;X
AREA_COAST_OF_SOUTH_AFRICA;南非海岸 ;;;;;;;;;;X
AREA_COAST_OF_URUGUAY;乌拉圭海岸 ;;;;;;;;;;X
AREA_DENMARK_STRAIT;丹麦海峡 ;;;;;;;;;;X
AREA_EAST_BAY_OF_BENGAL;东孟加拉湾 ;;;;;;;;;;X
AREA_EAST_BERING_SEA;东白令海 ;;;;;;;;;;X
AREA_EAST_CORAL_SEA;东珊瑚海 ;;;;;;;;;;X
AREA_EAST_COST_OF_NEW_ZEALAND;新西兰东海岸 ;;;;;;;;;;X
AREA_EAST_GREAT_AUSTRALIAN_BIGHT;大澳大利亚湾东部 ;;;;;;;;;;X
AREA_EAST_GULF_OF_MEXICO;东墨西哥湾 ;;;;;;;;;;X
AREA_EAST_MARIANA_BASIN;东马里亚纳海盆 ;;;;;;;;;;X
AREA_EAST_NORTH_SEA;北海东部 ;;;;;;;;;;X
AREA_EAST_SEA_OF_OKHOTSK;东鄂霍次克海 ;;;;;;;;;;X
AREA_EASTERN_SOLOMONS;所罗门群岛东海域 ;;;;;;;;;;X
AREA_ENGLISH_CHANNEL;英吉利海峡 ;;;;;;;;;;X
AREA_FAROES_GAP;法罗群岛要冲 ;;;;;;;;;;X
AREA_FIJI_BASIN;斐济海盆 ;;;;;;;;;;X
AREA_FLORES_SEA;弗洛勒斯海 ;;;;;;;;;;X
AREA_FLORIDA_STRAIT;佛罗里达海峡 ;;;;;;;;;;X
AREA_GILBERTS;吉尔伯特群岛海域 ;;;;;;;;;;X
AREA_GREENLAND_COAST;格陵兰海岸 ;;;;;;;;;;X
AREA_GULF_OF_ALASKA;阿拉斯加海湾 ;;;;;;;;;;X
AREA_GULF_OF_GUINEA;几内亚湾 ;;;;;;;;;;X
AREA_GULF_OF_SIAM;暹罗湾(泰国湾) ;;;;;;;;;;X
AREA_HAWAIIAN_RISE;夏威夷海岭 ;;;;;;;;;;X
AREA_HEBREIDES;赫布里底群岛海域 ;;;;;;;;;;X
AREA_HORN_OF_AFRICA;非洲之角 ;;;;;;;;;;X
AREA_HUDSON_BAY;哈得孙湾 ;;;;;;;;;;X
AREA_IONIAN_SEA;爱奥尼亚海 ;;;;;;;;;;X
AREA_IRISH_SEA;爱尔兰海 ;;;;;;;;;;X
AREA_IRISH_WEST_COAST;爱尔兰西海岸 ;;;;;;;;;;X
AREA_JAVA_RIDGE;爪哇海岭 ;;;;;;;;;;X
AREA_JAVA_TRENCH;爪哇海沟 ;;;;;;;;;;X
AREA_KATTEGAT;卡特加特海峡 ;;;;;;;;;;X
AREA_LINE_ISLANDS;莱恩群岛海域 ;;;;;;;;;;X
AREA_LUZON_STRAIT;吕宋海峡 ;;;;;;;;;;X
AREA_MALACCA_STRAIT;马六甲海峡 ;;;;;;;;;;X
AREA_MARIANA_TRENCH;马里亚纳海沟 ;;;;;;;;;;X
AREA_MARIANAS;马里亚纳群岛海域 ;;;;;;;;;;X
AREA_MARSHALLS_SEA;马绍尔群岛海域 ;;;;;;;;;;X
AREA_MASCARENE_PLATEAU;马斯克林海台 ;;;;;;;;;;X
AREA_MID_INDIAN_RIDGE;中印度洋海岭 ;;;;;;;;;;X
AREA_MID_PACIFIC_MOUNTAINS;中太平洋海山群 ;;;;;;;;;;X
AREA_MOLUCCA_SEA;摩鹿加海(马鲁古海) ;;;;;;;;;;X
AREA_NINETYEAST_RIDGE;东经九十度海岭 ;;;;;;;;;;X
AREA_NORTH_ARABIAN_SEA;阿拉伯海北部 ;;;;;;;;;;X
AREA_NORTH_ATLANTIC;北大西洋 ;;;;;;;;;;X
AREA_NORTH_BISMARCK_SEA;俾斯麦海北部 ;;;;;;;;;;X
AREA_NORTH_EAST_PACIFIC_OCEAN;东太平洋北部 ;;;;;;;;;;X
AREA_NORTH_MOZAMBIQUE_CHANNEL;北莫桑比克海峡 ;;;;;;;;;;X
AREA_NORTH_NORTHEAST_PACIFIC_BASIN;东北太平洋海盆北部 ;;;;;;;;;;X
AREA_NORTH_SOUTHEAST_PACIFIC_OCEAN;东南太平洋北部 ;;;;;;;;;;X
AREA_NORTH_TASMAN_SEA;北塔斯曼海 ;;;;;;;;;;X
AREA_NORTHEAST_COAST_OF_MADAGASCAR;马达加斯加东北海岸 ;;;;;;;;;;X
AREA_NORTHERN_BALTIC;波罗的海北部 ;;;;;;;;;;X
AREA_NORTHWEST_PACIFIC_BASIN;西北太平洋海盆 ;;;;;;;;;;X
AREA_NORWEGIAN_SEA;挪威海 ;;;;;;;;;;X
AREA_PERNANBUCO_PLAIN;伯南布哥海原 ;;;;;;;;;;X
AREA_PERSIAN_GULF;波斯湾 ;;;;;;;;;;X
AREA_PHILIPPINE_TRENCH;菲律宾海沟 ;;;;;;;;;;X
AREA_PORTUGESE_COAST;葡萄牙海岸 ;;;;;;;;;;X
AREA_RED_SEA;红海 ;;;;;;;;;;X
AREA_RYUKYUS;琉球群岛海域 ;;;;;;;;;;X
AREA_SEA_OF_JAPAN;日本海 ;;;;;;;;;;X
AREA_SOLOMON_SEA;所罗门海 ;;;;;;;;;;X
AREA_SOUTH_ARABIAN_SEA;阿拉伯海南部 ;;;;;;;;;;X
AREA_SOUTH_BISMARCK_SEA;俾斯麦海南部 ;;;;;;;;;;X
AREA_SOUTH_EAST_PACIFIC_OCEAN;东太平洋南部 ;;;;;;;;;;X
AREA_SOUTH_MOZAMBIQUE_CHANNEL;南莫桑比克海峡 ;;;;;;;;;;X
AREA_SOUTH_SEA_OF_OKHOTSK;南鄂霍次克海 ;;;;;;;;;;X
AREA_SOUTH_SOUTHEAST_PACIFIC_OCEAN;东南太平洋南部 ;;;;;;;;;;X
AREA_SOUTH_TASMAN_SEA;南塔斯曼海 ;;;;;;;;;;X
AREA_SOUTHEAST_COAST_OF_MADAGASCAR;马达加斯加东南海岸 ;;;;;;;;;;X
AREA_SOUTHEAST_INDIAN_OCEAN;东南印度洋 ;;;;;;;;;;X
AREA_SOUTHEAST_NORTHSEA;北海东南部 ;;;;;;;;;;X
AREA_SOUTHEAST_PACIFIC_BASIN;东南太平洋海盆 ;;;;;;;;;;X
AREA_SOUTHERN_BALTIC;波罗的海南部 ;;;;;;;;;;X
AREA_SOUTHWEST_INDIAN_OCEAN;西南印度洋 ;;;;;;;;;;X
AREA_SOUTHWEST_PACIFIC_BASIN;西南太平洋海盆 ;;;;;;;;;;X
AREA_SPRATLY_SEA;南沙群岛海域 ;;;;;;;;;;X
AREA_SULU_SEA;苏禄海 ;;;;;;;;;;X
AREA_TAIWAN_STRAIT;台湾海峡 ;;;;;;;;;;X
AREA_TIMOR_SEA;帝汶海 ;;;;;;;;;;X
AREA_TYRRHENIAN_SEA;第勒尼安海 ;;;;;;;;;;X
AREA_WEST_BAY_OF_BENGAL;西孟加拉海湾 ;;;;;;;;;;X
AREA_WEST_BERING_SEA;西白令海 ;;;;;;;;;;X
AREA_WEST_COAST_OF_AUSTRALIA;澳大利亚西海岸 ;;;;;;;;;;X
AREA_WEST_COAST_OF_CENTRAL_AMERICA;中美洲西海岸 ;;;;;;;;;;X
AREA_WEST_COAST_OF_CHILE;智利西海岸 ;;;;;;;;;;X
AREA_WEST_COAST_OF_MEXICO;墨西哥西海岸 ;;;;;;;;;;X
AREA_WEST_COAST_OF_PERU;秘鲁西海岸 ;;;;;;;;;;X
AREA_WEST_COAST_OF_THE_UNITED_STATES;美国西海岸 ;;;;;;;;;;X
AREA_WEST_CORAL_SEA;西珊瑚海 ;;;;;;;;;;X
AREA_WEST_GREAT_AUSTRALIAN_BIGHT;大澳大利亚湾西部 ;;;;;;;;;;X
AREA_WEST_GULF_OF_MEXICO;西墨西哥湾 ;;;;;;;;;;X
AREA_WEST_NORTHSEA;北海西部 ;;;;;;;;;;X
AREA_WEST_SEA_OF_OKHOTSK;西鄂霍次克海 ;;;;;;;;;;X
AREA_WESTERN_APPROACHES;大不列颠西部近海 ;;;;;;;;;;X
AREA_WESTERN_SOLOMONS;所罗门群岛西海域 ;;;;;;;;;;X
AREA_WINDWARD_ISLANDS;向风群岛海域 ;;;;;;;;;;X
AREA_YELLOW_SEA;黄海 ;;;;;;;;;;X
AREA_YUCATAN_STRAIT;尤卡坦海峡 ;;;;;;;;;;X
CANADA_MARITIMES;加拿大滨海 ;;;;;;;;;;X
CENTRAL_MID_ATLANTIC_RIDGE;大西洋中脊中部 ;;;;;;;;;;X
GRAND_BANKS;大岸滩 ;;;;;;;;;;X
GUIANA_BASIN;圭亚那海盆 ;;;;;;;;;;X
NORTHERN_SEA_OF_LABRADOR;拉布拉多海北部 ;;;;;;;;;;X
SOUTH_CENTRAL_MID_ATLANTIC_RIDGE;大西洋中脊中南部 ;;;;;;;;;;X
SOUTHERN_SEA_OF_LABRADOR;拉布拉多海南部 ;;;;;;;;;;X
THE_SEAMOUNTS;海山群 ;;;;;;;;;;X
US_MARITIMES;美国滨海 ;;;;;;;;;;X
#;;;;;;;;;;;X
AREA_RYUKYULAND;宁夏 ;;;;;;;;;;X
AREA_NORTH_BISMARCK_ARCHIPELAGO;北俾斯麦群岛 ;;;;;;;;;;X
AREA_NORTH_NEW_HEBRIDES;北新赫布里底群岛 ;;;;;;;;;;X
AREA_SOUTH_NEW_HEBRIDES;南新赫布里底群岛 ;;;;;;;;;;X
AREA_CENTRAL_SOLOMONS;中所罗门群岛 ;;;;;;;;;;X
AREA_WEST_ALEUTIANS;西阿留申群岛 ;;;;;;;;;;X
AREA_CEYLON;锡兰 ;;;;;;;;;;X
AREA_HOKKAIDO;东北-北海道地区;;;;;;;;;;X
AREA_NORTH_BURMA;北缅甸 ;;;;;;;;;;X
AREA_EAST_BENGAL;东孟加拉 ;;;;;;;;;;X
AREA_KRA_PENINSULA;克拉半岛 ;;;;;;;;;;X
AREA_TRIPOLI;的黎波里 ;;;;;;;;;;X
AREA_GREENLAND;格陵兰 ;;;;;;;;;;X
REG_-;-;;;;;;;;;;X
REG_LAKE;湖泊 ;;;;;;;;;;X
REGION_AFGHANISTAN;阿富汗 ;;;;;;;;;;X
REGION_ALASKA;阿拉斯加 ;;;;;;;;;;X
REGION_ALGERIA;阿尔及利亚 ;;;;;;;;;;X
REGION_AMAZONAS;亚马孙 ;;;;;;;;;;X
REGION_AMERICAN_PACIFIC;美洲-太平洋 ;;;;;;;;;;X
REGION_ANATOLIA;安纳托利亚(小亚细亚) ;;;;;;;;;;X
REGION_ANDES;安第斯山脉 ;;;;;;;;;;X
REGION_ASIAN_PACIFIC;亚洲-太平洋 ;;;;;;;;;;X
REGION_AUSTRALIA;澳大利亚 ;;;;;;;;;;X
REGION_AUSTRIA;奥地利 ;;;;;;;;;;X
REGION_BALKAN;巴尔干 ;;;;;;;;;;X
REGION_BALTIC_STATES;波罗的海诸国 ;;;;;;;;;;X
REGION_BELARUS;白俄罗斯 ;;;;;;;;;;X
REGION_BENELUX;尼德兰(低地三国) ;;;;;;;;;;X
REGION_BISMARCK_ARCHIPELAGO;俾斯麦群岛 ;;;;;;;;;;X
REGION_BRAZIL;巴西 ;;;;;;;;;;X
REGION_BRAZILIAN_HIGHLANDS;巴西高原 ;;;;;;;;;;X
REGION_CANADA;加拿大中部 ;;;;;;;;;;X
REGION_CARIBBEAN;加勒比地区 ;;;;;;;;;;X
REGION_CENTRAL_AFRICA;中非 ;;;;;;;;;;X
REGION_CENTRAL_AMERICA;中美洲 ;;;;;;;;;;X
REGION_CENTRAL_ASIA;中亚 ;;;;;;;;;;X
REGION_CHINA;中国 ;;;;;;;;;;X
REGION_CZECHOSLOVAKIA;捷克斯洛伐克 ;;;;;;;;;;X
REGION_DENMARK;丹麦 ;;;;;;;;;;X
REGION_DIEGO_GARCIA_ISLAND;迪戈加西亚岛 ;;;;;;;;;;X
REGION_EAST_AFRICA;东非 ;;;;;;;;;;X
REGION_EGYPT;埃及 ;;;;;;;;;;X
REGION_ENGLAND;英格兰 ;;;;;;;;;;X
REGION_ETHIOPIA;埃塞俄比亚 ;;;;;;;;;;X
REGION_FAR_EAST_SIBERIA;远东-西伯利亚 ;;;;;;;;;;X
REGION_FINLAND;芬兰 ;;;;;;;;;;X
REGION_FRANCE;法兰西 ;;;;;;;;;;X
REGION_GERMANY;德意志 ;;;;;;;;;;X
REGION_GRAN_CHACO;大查科 ;;;;;;;;;;X
REGION_GRAND_COLOMBIA;大哥伦比亚 ;;;;;;;;;;X
REGION_GREENLAND;格陵兰 ;;;;;;;;;;X
REGION_HORN_OF_AFRICA;非洲之角 ;;;;;;;;;;X
REGION_HUNGARY;匈牙利 ;;;;;;;;;;X
REGION_ICELAND;冰岛 ;;;;;;;;;;X
REGION_INDIA;印度 ;;;;;;;;;;X
REGION_INDOCHINE;印度支那 ;;;;;;;;;;X
REGION_INDONESIA;印度尼西亚 ;;;;;;;;;;X
REGION_IRELAND;爱尔兰 ;;;;;;;;;;X
REGION_IRKUTSK;伊尔库茨克 ;;;;;;;;;;X
REGION_ITALY;意大利 ;;;;;;;;;;X
REGION_JAPAN;日本 ;;;;;;;;;;X
REGION_KAUKASUS;高加索地区 ;;;;;;;;;;X
REGION_KAZAKSTAN;哈萨克 ;;;;;;;;;;X
REGION_KAZAN;喀山 ;;;;;;;;;;X
REGION_KOREA;朝鲜 ;;;;;;;;;;X
REGION_KRASNOYARSK_;克拉斯诺亚尔斯克边疆区 ;;;;;;;;;;X
REGION_LIBYA;利比亚 ;;;;;;;;;;X
REGION_MADAGASCAR;马达加斯加 ;;;;;;;;;;X
REGION_MAGADAN;马加丹-堪察加 ;;;;;;;;;;X
REGION_MEXICO;墨西哥 ;;;;;;;;;;X
REGION_MIDDLE_EAST;中东地区 ;;;;;;;;;;X
REGION_MIDWEST_US;美国中西部 ;;;;;;;;;;X
REGION_MOROCCO;摩洛哥 ;;;;;;;;;;X
REGION_NEW_GUINEA;新几内亚 ;;;;;;;;;;X
REGION_NORTH_SOLOMON_ISLANDS;所罗门群岛 ;;;;;;;;;;X
REGION_EASTERN_CANADA;加拿大东部 ;;;;;;;;;;X
REGION_NORTHEAST_US_;美国东北部 ;;;;;;;;;;X
REGION_NORTHERN_PERMAFROST;北方永久冻土带 ;;;;;;;;;;X
REGION_NORTHWEST_US;美国西北部 ;;;;;;;;;;X
REGION_NORWAY;挪威 ;;;;;;;;;;X
REGION_NOVOSIBIRSK;新西伯利亚 ;;;;;;;;;;X
REGION_PATAGONIA;巴塔哥尼亚高原 ;;;;;;;;;;X
REGION_PERSIA;波斯 ;;;;;;;;;;X
REGION_PHILIPPINES;菲律宾 ;;;;;;;;;;X
REGION_POLAND;波兰 ;;;;;;;;;;X
REGION_PORTUGAL;葡萄牙 ;;;;;;;;;;X
REGION_RIO_DE_LA_PLATA;拉普拉塔河 ;;;;;;;;;;X
REGION_ROMANIA;罗马尼亚 ;;;;;;;;;;X
REGION_RUSSIA;俄罗斯 ;;;;;;;;;;X
REGION_SAHARA;撒哈拉沙漠 ;;;;;;;;;;X
REGION_SCOTLAND;苏格兰 ;;;;;;;;;;X
REGION_SOUTH_AFRICA;南非 ;;;;;;;;;;X
REGION_SOUTH_SOLOMON_ISLANDS;新赫布里底群岛 ;;;;;;;;;;X
REGION_SOUTHCENTRAL_US;美国中南部 ;;;;;;;;;;X
REGION_SOUTHEAST_US;美国东南部 ;;;;;;;;;;X
REGION_SOUTHWEST_AFRICA;西南非洲 ;;;;;;;;;;X
REGION_SOUTHWEST_US;美国西南部 ;;;;;;;;;;X
REGION_SPAIN;西班牙 ;;;;;;;;;;X
REGION_SUDAN;苏丹 ;;;;;;;;;;X
REGION_SWEDEN;瑞典 ;;;;;;;;;;X
REGION_SWITZERLAND;瑞士 ;;;;;;;;;;X
REGION_TOMSK;托木斯克 ;;;;;;;;;;X
REGION_TUNISIA;突尼斯 ;;;;;;;;;;X
REGION_UKRAINE;乌克兰 ;;;;;;;;;;X
REGION_URALS;乌拉尔 ;;;;;;;;;;X
REGION_WEST_AFRICA;西非 ;;;;;;;;;;X
REGION_WESTERN_CANADA;加拿大西部 ;;;;;;;;;;X
REGION_WHITE_SEA_TUNDRA;白海冻原 ;;;;;;;;;;X
#;;;;;;;;;;;X


REGION_NORTHERN_CANADA;加拿大北部 ;;;;;;;;;;X



SEAREGION_ARABIAN_SEA;阿拉伯海 ;;;;;;;;;;X
SEAREGION_BALTIC_SEA;波罗的海 ;;;;;;;;;;X
SEAREGION_BAY_OF_BENGAL;孟加拉湾 ;;;;;;;;;;X
SEAREGION_BERING_SEA;白令海 ;;;;;;;;;;X
SEAREGION_BISMARCK_SEA;俾斯麦海 ;;;;;;;;;;X
SEAREGION_BLACK_SEA;黑海 ;;;;;;;;;;X
SEAREGION_BRAZILIAN_COAST;巴西海岸 ;;;;;;;;;;X
SEAREGION_CANADIAN_ARCTIC;加拿大北极地区 ;;;;;;;;;;X
SEAREGION_CAPE_OF_GOOD_HOPE;好望角 ;;;;;;;;;;X
SEAREGION_CARRIBEAN;加勒比海 ;;;;;;;;;;X
SEAREGION_CELTIC_SEA;凯尔特海 ;;;;;;;;;;X
SEAREGION_CENTRAL_MEDITERRANEAN;中地中海 ;;;;;;;;;;X
SEAREGION_CENTRAL_MID_ATLANTIC_RIDGE;大西洋中脊中部 ;;;;;;;;;;X
SEAREGION_CENTRAL_PACIFIC_OCEAN;中太平洋 ;;;;;;;;;;X
SEAREGION_COAST_OF_MADAGASCAR;马达加斯加海岸 ;;;;;;;;;;X
SEAREGION_CORAL_SEA;珊瑚海 ;;;;;;;;;;X
SEAREGION_EAST_CHINA_SEA;东海 ;;;;;;;;;;X
SEAREGION_EAST_INDIAN_OCEAN;东印度洋 ;;;;;;;;;;X
SEAREGION_EAST_PACIFIC_OCEAN;东太平洋 ;;;;;;;;;;X
SEAREGION_EASTERN_ATLANTIC;东大西洋 ;;;;;;;;;;X
SEAREGION_EASTERN_MEDITERRANEAN;东地中海 ;;;;;;;;;;X
SEAREGION_EASTERN_SEABOARD;东部海岸 ;;;;;;;;;;X
SEAREGION_GRAND_BANKS_SHELF;大岸滩陆架 ;;;;;;;;;;X
SEAREGION_GREAT_AUSTRALIAN_BIGHT;大澳大利亚湾 ;;;;;;;;;;X
SEAREGION_HOME_ISLANDS;日本列岛 ;;;;;;;;;;X
SEAREGION_IBERIAN_WEST_COAST;伊比利亚半岛西海岸 ;;;;;;;;;;X
SEAREGION_ICE_SEA;北冰洋东部 ;;;;;;;;;;X
SEAREGION_JAVA_SEA;爪哇海 ;;;;;;;;;;X
SEAREGION_MEXICAN_GULF;墨西哥湾 ;;;;;;;;;;X
SEAREGION_MOLUCCAS;摩鹿加海(马鲁古海) ;;;;;;;;;;X
SEAREGION_MOZAMBIQUE_CHANNEL;莫桑比克海峡 ;;;;;;;;;;X
SEAREGION_NORTH_ATLANTIC;北大西洋 ;;;;;;;;;;X
SEAREGION_NORTH_PACIFIC_OCEAN;北太平洋 ;;;;;;;;;;X
SEAREGION_NORTH_SEA;北海 ;;;;;;;;;;X
SEAREGION_NORTHEAST_ATLANTIC;东北大西洋 ;;;;;;;;;;X
SEAREGION_NORTHWEST_ATLANTIC;西北大西洋 ;;;;;;;;;;X
SEAREGION_PACIFIC_ANTARCTIC_RIDGE;太平洋-南极海岭 ;;;;;;;;;;X
SEAREGION_PHILIPPINE_SEA;菲律宾海 ;;;;;;;;;;X
SEAREGION_SARGASSOS;马尾藻海 ;;;;;;;;;;X
SEAREGION_SEA_OF_OKHOTSK;鄂霍次克海 ;;;;;;;;;;X
SEAREGION_SOUTH_CHINA_SEA;南海 ;;;;;;;;;;X
SEAREGION_SOUTH_INDIAN_OCEAN;南印度洋 ;;;;;;;;;;X
SEAREGION_SOUTH_PACIFIC_OCEAN;南太平洋 ;;;;;;;;;;X
SEAREGION_SOUTHCENTRAL_ATLANTIC;中南大西洋 ;;;;;;;;;;X
SEAREGION_SOUTHEAST_ATLANTIC_OCEAN;东南大西洋 ;;;;;;;;;;X
SEAREGION_SOUTHEAST_PACIFIC_OCEAN;东南太平洋 ;;;;;;;;;;X
SEAREGION_SOUTHWEST_ATLANTIC_OCEAN;西南大西洋 ;;;;;;;;;;X
SEAREGION_TASMAN_SEA;塔斯曼海 ;;;;;;;;;;X
SEAREGION_WEST_COAST_OF_NORTH_AMERICA;北美洲西海岸 ;;;;;;;;;;X
SEAREGION_WEST_COAST_OF_SOUTH_AMERICA;南美洲西海岸 ;;;;;;;;;;X
SEAREGION_WEST_INDIAN_OCEAN;西印度洋 ;;;;;;;;;;X
SEAREGION_WESTERN_ICE_SEA;北冰洋西部 ;;;;;;;;;;X
SEAREGION_WESTERN_MEDITERRANEAN;西地中海 ;;;;;;;;;;X
#;;;;;;;;;;;X
NHEMIS;北半球 ;;;;;;;;;;X
SHEMIS;南半球 ;;;;;;;;;;X
#;;;;;;;;;;;X
WEATHER_CLEAR;晴朗 ;;;;;;;;;;X
WEATHER_FROZEN;封冻 ;;;;;;;;;;X
WEATHER_RAINING;下雨 ;;;;;;;;;;X
WEATHER_SNOWING;下雪 ;;;;;;;;;;X
WEATHER_STORM;暴风雨 ;;;;;;;;;;X
WEATHER_BLIZZARD;暴风雪 ;;;;;;;;;;X
WEATHER_MUDDY;泥泞 ;;;;;;;;;;X
#;;;;;;;;;;;X
CLIMATE;气候 ;;;;;;;;;;X
CLIMATE_-;未知气候 ;;;;;;;;;;X
CLIMATE_ARID;干旱的 ;;;;;;;;;;X
CLIMATE_ARCTIC;寒带气候 ;;;;;;;;;;X
CLIMATE_SUBARCTIC;亚寒带气候 ;;;;;;;;;;X
CLIMATE_TEMPERATE;温带气候 ;;;;;;;;;;X
CLIMATE_MUDDY;温带/泥泞气候 ;;;;;;;;;;X
CLIMATE_MEDITERRANEAN;地中海气候 ;;;;;;;;;;X
CLIMATE_SUBTROPICAL;亚热带气候 ;;;;;;;;;;X
CLIMATE_TROPICAL;热带气候 ;;;;;;;;;;X
#;;;;;;;;;;;X
TERRAIN_PLAINS;平原 ;;;;;;;;;;X
TERRAIN_FOREST;森林 ;;;;;;;;;;X
TERRAIN_MOUNTAIN;山地 ;;;;;;;;;;X
TERRAIN_DESERT;沙漠 ;;;;;;;;;;X
TERRAIN_MARSH;沼泽 ;;;;;;;;;;X
TERRAIN_HILLS;丘陵 ;;;;;;;;;;X
TERRAIN_JUNGLE;丛林 ;;;;;;;;;;X
TERRAIN_URBAN;城市 ;;;;;;;;;;X
TERRAIN_OCEAN;海洋 ;;;;;;;;;;X
TERRAIN_RIVER;河流 ;;;;;;;;;;X
TERRAIN_NONE;空白 ;;;;;;;;;;X
AFG;阿富汗 ;;;;;;;;;;X
ALB;阿尔巴尼亚 ;;;;;;;;;;X
ALG;阿尔及利亚 ;;;;;;;;;;X
ALI;外星人 ;;;;;;;;;;X
ALS;同盟国 ;;;;;;;;;;X
ANG;安哥拉 ;;;;;;;;;;X
ARA;阿拉伯联邦 ;;;;;;;;;;X
ARG;阿根廷 ;;;;;;;;;;X
ARM;亚美尼亚 ;;;;;;;;;;X
AST;澳大利亚 ;;;;;;;;;;X
AUS;奥地利 ;;;;;;;;;;X
AXI;轴心国 ;;;;;;;;;;X
AZB;阿塞拜疆 ;;;;;;;;;;X
BEL;比利时 ;;;;;;;;;;X
BEN;贝宁 ;;;;;;;;;;X
BHU;不丹 ;;;;;;;;;;X
BLR;白俄罗斯 ;;;;;;;;;;X
BOL;玻利维亚 ;;;;;;;;;;X
BOS;波斯尼亚 ;;;;;;;;;;X
BRA;巴西 ;;;;;;;;;;X
BRU;文莱 ;;;;;;;;;;X
BUL;保加利亚 ;;;;;;;;;;X
BUR;缅甸 ;;;;;;;;;;X
CAL;加利福尼亚 ;;;;;;;;;;X
CAM;喀麦隆 ;;;;;;;;;;X
CAN;加拿大 ;;;;;;;;;;X
CGX;桂系y ;;;;;;;;;;X
CHC;中共 ;;;;;;;;;;X
CHI;中A民 ;;;;;;;;;;X
CHL;智利 ;;;;;;;;;;X
CMB;柬埔寨 ;;;;;;;;;;X
COL;哥伦比亚 ;;;;;;;;;;X
CON;刚果 ;;;;;;;;;;X
COS;哥斯达黎加 ;;;;;;;;;;X
CRO;克罗地亚 ;;;;;;;;;;X
CSA;南部邦联 ;;;;;;;;;;X
CSX;晋系y ;;;;;;;;;;X
CUB;古巴 ;;;;;;;;;;X
CXB;青海R家 ;;;;;;;;;;X
CYN;滇系y ;;;;;;;;;;X
CYP;塞浦路斯 ;;;;;;;;;;X
CZE;捷克斯洛伐克 ;;;;;;;;;;X
DDR;民主德国 ;;;;;;;;;;X
DEN;丹麦 ;;;;;;;;;;X
DFR;联邦德国 ;;;;;;;;;;X
DOM;多米尼加共和国 ;;;;;;;;;;X
EAF;东非联邦 ;;;;;;;;;;X
ECU;厄瓜多尔 ;;;;;;;;;;X
EGY;埃及 ;;;;;;;;;;X
ENG;英国 ;;;;;;;;;;X
EQA;赤道非洲 ;;;;;;;;;;X
EST;爱沙尼亚 ;;;;;;;;;;X
ETH;埃塞俄比亚 ;;;;;;;;;;X
EUS;巴斯克 ;;;;;;;;;;X
FIN;芬兰 ;;;;;;;;;;X
FLA;佛兰德斯 ;;;;;;;;;;X
FRA;法国 ;;;;;;;;;;X
GAB;加蓬 ;;;;;;;;;;X
GEO;格鲁吉亚 ;;;;;;;;;;X
GER;德国 ;;;;;;;;;;X
GLD;加纳 ;;;;;;;;;;X
GRE;希腊 ;;;;;;;;;;X
GUA;危地马拉 ;;;;;;;;;;X
GUI;几内亚 ;;;;;;;;;;X
GUY;圭亚那 ;;;;;;;;;;X
HAI;海地 ;;;;;;;;;;X
HOL;荷兰 ;;;;;;;;;;X
HON;洪都拉斯 ;;;;;;;;;;X
HUN;匈牙利 ;;;;;;;;;;X
ICL;冰岛 ;;;;;;;;;;X
IDC;印度支那 ;;;;;;;;;;X
IND;印度 ;;;;;;;;;;X
INO;印度尼西亚 ;;;;;;;;;;X
IRE;爱尔兰 ;;;;;;;;;;X
IRQ;伊拉克 ;;;;;;;;;;X
ISR;以色列 ;;;;;;;;;;X
ITA;意大利 ;;;;;;;;;;X
JAP;日本 ;;;;;;;;;;X
JOR;约旦 ;;;;;;;;;;X
KAZ;哈萨克斯坦 ;;;;;;;;;;X
KOR;韩国 ;;;;;;;;;;X
KUR;库尔德斯坦 ;;;;;;;;;;X
KYG;吉尔吉斯斯坦 ;;;;;;;;;;X
LAO;老挝 ;;;;;;;;;;X
LAT;拉脱维亚 ;;;;;;;;;;X
LBY;利比亚 ;;;;;;;;;;X
LEB;黎巴嫩 ;;;;;;;;;;X
LIB;利比里亚 ;;;;;;;;;;X
LIT;立陶宛 ;;;;;;;;;;X
LUX;卢森堡 ;;;;;;;;;;X
MAD;马达加斯加 ;;;;;;;;;;X
MAL;马里联邦 ;;;;;;;;;;X
MAN;满洲国 ;;;;;;;;;;X
MEN;蒙疆 ;;;;;;;;;;X
MEX;墨西哥 ;;;;;;;;;;X
MIN;(未定义政权);;;;;;;;;;X
MLY;马来西亚 ;;;;;;;;;;X
MON;蒙古 ;;;;;;;;;;X
MOR;摩洛哥 ;;;;;;;;;;X
MOZ;莫桑比克 ;;;;;;;;;;X
MTN;黑山 ;;;;;;;;;;X
NAM;纳米比亚 ;;;;;;;;;;X
NEP;尼泊尔 ;;;;;;;;;;X
NIC;尼加拉瓜 ;;;;;;;;;;X
NIG;尼日利亚 ;;;;;;;;;;X
NOR;挪威 ;;;;;;;;;;X
NZL;新西兰 ;;;;;;;;;;X
OMN;阿曼 ;;;;;;;;;;X
OTT;奥斯曼帝国 ;;;;;;;;;;X
PAK;巴基斯坦 ;;;;;;;;;;X
PAL;巴勒斯坦 ;;;;;;;;;;X
PAN;巴拿马 ;;;;;;;;;;X
PAR;巴拉圭 ;;;;;;;;;;X
PER;波斯 ;;;;;;;;;;X
PHI;菲律宾 ;;;;;;;;;;X
POL;波兰 ;;;;;;;;;;X
POR;葡萄牙 ;;;;;;;;;;X
PRI;普里莫斯克 ;;;;;;;;;;X
PRK;朝鲜 ;;;;;;;;;;X
PRU;秘鲁 ;;;;;;;;;;X
QUE;魁北克 ;;;;;;;;;;X
RHO;罗得西亚 ;;;;;;;;;;X
ROM;罗马尼亚 ;;;;;;;;;;X
RSI;意大利社会主义共和国 ;;;;;;;;;;X
RUS;俄罗斯 ;;;;;;;;;;X
SAF;南非 ;;;;;;;;;;X
SAL;萨尔瓦多 ;;;;;;;;;;X
SAR;沙捞越 ;;;;;;;;;;X
SAU;沙特阿拉伯 ;;;;;;;;;;X
SCA;斯堪的纳维亚 ;;;;;;;;;;X
SCH;瑞士 ;;;;;;;;;;X
SCO;苏格兰 ;;;;;;;;;;X
SER;塞尔维亚 ;;;;;;;;;;X
SIA;暹罗 ;;;;;;;;;;X
SIB;西伯利亚 ;;;;;;;;;;X
SIE;塞拉利昂 ;;;;;;;;;;X
SIK;新疆 ;;;;;;;;;;X
SLO;斯洛伐克 ;;;;;;;;;;X
SLV;斯洛文尼亚 ;;;;;;;;;;X
SOM;索马里 ;;;;;;;;;;X
SOV;苏联 ;;;;;;;;;;X
SPA;西班牙国 ;;;;;;;;;;X
SPR;西班牙共和国 ;;;;;;;;;;X
SUD;苏丹 ;;;;;;;;;;X
SWE;瑞典 ;;;;;;;;;;X
SYR;叙利亚 ;;;;;;;;;;X
TAJ;塔吉克斯坦 ;;;;;;;;;;X
TAN;唐努图瓦 ;;;;;;;;;;X
TEX;得克萨斯 ;;;;;;;;;;X
TIB;西藏 ;;;;;;;;;;X
TRA;外乌拉尔共和国 ;;;;;;;;;;X
TRK;土库曼斯坦 ;;;;;;;;;;X
TUN;突尼斯 ;;;;;;;;;;X
TUR;土耳其 ;;;;;;;;;;X
UKR;乌克兰 ;;;;;;;;;;X
URU;乌拉圭 ;;;;;;;;;;X
USA;美国 ;;;;;;;;;;X
UZB;乌兹别克斯坦 ;;;;;;;;;;X
VEN;委内瑞拉 ;;;;;;;;;;X
VIC;法兰西国 ;;;;;;;;;;X
VIE;越南共和国 ;;;;;;;;;;X
WLL;瓦隆 ;;;;;;;;;;X
YEM;也门 ;;;;;;;;;;X
YUG;南斯拉夫 ;;;;;;;;;;X
U00;欧洲联盟 ;;;;;;;;;;X
U01;川康y ;;;;;;;;;;X
U02;奉系y ;;;;;;;;;;X
U03;西北 ;;;;;;;;;;X
U04;武h民政府;;;;;;;;;;X
U05;直系y ;;;;;;;;;;X
U06;五省 ;;;;;;;;;;X
U07;川系y ;;;;;;;;;;X
U08;南京民政府;;;;;;;;;;X
U09;黔系y ;;;;;;;;;;X
U10;湘系y ;;;;;;;;;;X
U11;直鲁 ;;;;;;;;;;X
U12;粤 ;;;;;;;;;;X
U13;中A民 ;;;;;;;;;;X
U14;|北民 ;;;;;;;;;;X
U15;川蜀y ;;;;;;;;;;X
U16;川陕y ;;;;;;;;;;X
U17;镇嵩 ;;;;;;;;;;X
U18;夏R家 ;;;;;;;;;;X
U19;滇桂 ;;;;;;;;;;X
U20;系y ;;;;;;;;;;X
U21;西北系y ;;;;;;;;;;X
U22;湘系y(唐生智部) ;;;;;;;;;;X
U23;湖北y ;;;;;;;;;;X
#;;;;;;;;;;;x
U70;乌干达 ;;;;;;;;;;X
U71;北爱尔兰 ;;;;;;;;;;X
U72;越南民主共和国 ;;;;;;;;;;X
U73;英格兰 ;;;;;;;;;;X
U74;华北政务委员会 ;;;;;;;;;;X
U75;新加坡 ;;;;;;;;;;X
U76;威尔士 ;;;;;;;;;;X
U77;大哥伦比亚 ;;;;;;;;;;X
U78;中美洲联邦 ;;;;;;;;;;X
U79;西印度群岛联邦 ;;;;;;;;;;X
U80;克什米尔 ;;;;;;;;;;X
U81;上沃尔特 ;;;;;;;;;;X
U82;中非 ;;;;;;;;;;X
U83;锡兰 ;;;;;;;;;;X
U84;乍得 ;;;;;;;;;;X
U85;刚果(布) ;;;;;;;;;;X
U86;冈比亚 ;;;;;;;;;;X
U87;中华民国(汪伪政府) ;;;;;;;;;;X
U88;象牙海岸 ;;;;;;;;;;X
U89;牙买加 ;;;;;;;;;;X
U90;肯尼亚 ;;;;;;;;;;X
U91;科威特 ;;;;;;;;;;X
U92;马耳他 ;;;;;;;;;;X
U93;毛里塔尼亚 ;;;;;;;;;;X
U94;尼日尔 ;;;;;;;;;;X
U95;卢旺达 ;;;;;;;;;;X
U96;塞内加尔 ;;;;;;;;;;X
U97;坦噶尼喀 ;;;;;;;;;;X
U98;特立尼达和多巴哥 ;;;;;;;;;;X
U99;X系y ;;;;;;;;;;X
#;;;;;;;;;;;x
USN; 美洲合众国 ;;;;;;;;;;X
UAU; 澳大拉西亚 ;;;;;;;;;;X
UCH; 中华民国 ;;;;;;;;;;X
UBO; 波旁王国 ;;;;;;;;;;X
UTC; 哥萨克王国 ;;;;;;;;;;X
UGS; 瑞典王国 ;;;;;;;;;;X
UCS; 加勒比邦联 ;;;;;;;;;;X
UIC; 中南王国 ;;;;;;;;;;X
UPR; 普鲁士帝国 ;;;;;;;;;;X
UER; 俄罗斯帝国 ;;;;;;;;;;X
UTO; 奥斯曼帝国 ;;;;;;;;;;X
UIR; 印度共和国 ;;;;;;;;;;X
UTL; 美洲解放联盟 ;;;;;;;;;;X
UPS; 日本苏维埃 ;;;;;;;;;;X
UES; 欧罗巴苏维埃 ;;;;;;;;;;X
URO; 罗马共和国 ;;;;;;;;;;X
UAP; 非洲民众国 ;;;;;;;;;;X
UPE; 波斯共和国 ;;;;;;;;;;X
##;;;;;;;;;;;x
#EOF;;;;;;;;;;;x
